rank,word
1,না
2,করে
3,এবং
4,00
5,ও
6,এই
7,থেকে
8,আর
9,জন্য
10,তার
11,হয়
12,করা
13,এর
14,একটি
15,যে
16,আমি
17,করতে
18,0000
19,হবে
20,এ
21,নিয়ে
22,সাথে
23,আমার
24,কি
25,তিনি
26,এক
27,হয়েছে
28,কিছু
29,আমাদের
30,হয়ে
31,কোন
32,ছিল
33,আমরা
34,কিন্তু
35,তাদের
36,মধ্যে
37,কথা
38,তারা
39,যায়
40,অনেক
41,যা
42,সময়
43,সে
44,হচ্ছে
45,একটা
46,করেন
47,দিয়ে
48,করার
49,বা
50,আছে
51,পর
52,সব
53,একজন
54,মনে
55,000
56,এখন
57,নয়
58,পারে
59,নেই
60,শুরু
61,কাজ
62,আপনার
63,কাছে
64,বলে
65,যদি
66,তা
67,বছর
68,হতে
69,এটা
70,সেই
71,তাকে
72,রয়েছে
73,আপনি
74,হিসেবে
75,করেছে
76,তবে
77,নতুন
78,আগে
79,ভালো
80,প্রথম
81,যখন
82,করেছেন
83,নাম
84,এমন
85,কে
86,তাই
87,তো
88,দিন
89,দেখা
90,বাংলাদেশ
91,কেউ
92,গেছে
93,থাকে
94,এটি
95,বেশি
96,কেন
97,জাতীয়
98,বিভিন্ন
99,শেষ
100,বড়
101,মানুষ
102,পর্যন্ত
103,খুব
104,টাকা
105,তুমি
106,জন
107,দিতে
108,দিকে
109,দুই
110,সরকার
111,আজ
112,করছে
113,করবে
114,করি
115,মতো
116,যাবে
117,এখানে
118,পরে
119,মাধ্যমে
120,উপর
121,আবার
122,ব্যবহার
123,মত
124,১
125,প্রতি
126,হল
127,কারণ
128,তখন
129,তোমার
130,দেশের
131,ধরে
132,প্রায়
133,কোনো
134,নিজের
135,বিরুদ্ধে
136,সঙ্গে
137,২
138,তাঁর
139,বন্ধ
140,শুধু
141,জীবন
142,তাহলে
143,পুলিশ
144,প্রধান
145,হলো
146,কারণে
147,তৈরি
148,বাংলাদেশের
149,মা
150,আরো
151,যাচ্ছে
152,আরও
153,যার
154,চাই
155,দেয়
156,পাওয়া
157,যারা
158,সালে
159,হলে
160,অংশ
161,চলে
162,ছিলেন
163,দেখতে
164,বলা
165,সালের
166,মানুষের
167,সবচেয়ে
168,সবাই
169,আমাকে
170,দল
171,সেখানে
172,করুন
173,গত
174,ঠিক
175,দলের
176,পড়ে
177,প্রকাশ
178,হাজার
179,অন্য
180,ঢাকা
181,বিশেষ
182,বেশ
183,যেন
184,হয়েছিল
185,অনুষ্ঠিত
186,দেখে
187,সকল
188,ছবি
189,দেওয়া
190,নামে
191,৩
192,একই
193,ফলে
194,ভাল
195,যেতে
196,র
197,চেষ্টা
198,নারী
199,নির্বাচন
200,বছরের
201,শিক্ষা
202,৫
203,আন্তর্জাতিক
204,সরকারের
205,সামনে
206,আল
207,কী
208,মাঝে
209,সাধারণ
210,হওয়ার
211,ছোট
212,জেলা
213,দেশে
214,সম্পর্কে
215,হাতে
216,করবেন
217,ছাড়া
218,তথ্য
219,দেয়া
220,বাংলা
221,কম
222,দেখুন
223,পারেন
224,যেখানে
225,যেমন
226,সদস্য
227,উত্তর
228,ঘোষণা
229,টি
230,তিন
231,ধরনের
232,নিতে
233,ভারতের
234,মৃত্যু
235,গিয়ে
236,দিয়েছে
237,ভাই
238,ভিডিও
239,খবর
240,৪
241,একটু
242,চেয়ে
243,ভারত
244,অভিযোগ
245,এসে
246,ক্ষেত্রে
247,দেশ
248,নাকি
249,বলতে
250,বিষয়ে
251,ব্যবস্থা
252,মাত্র
253,সমস্যা
254,আসে
255,থাকবে
256,বিশ্বাস
257,ব্যাপারে
258,ওই
259,করছেন
260,কিভাবে
261,চায়
262,তুলে
263,দেন
264,প্রধানমন্ত্রী
265,ফিরে
266,বলেছেন
267,বলেন
268,সময়ে
269,সুন্দর
270,সুযোগ
271,অন্যান্য
272,ছেলে
273,থাকা
274,ভাবে
275,যাওয়া
276,রাজনৈতিক
277,সহ
278,সেটা
279,অথবা
280,এখনো
281,এবার
282,কেমন
283,খারাপ
284,ধন্যবাদ
285,প্রয়োজন
286,সাহায্য
287,হাত
288,আশা
289,উচিত
290,গ্রহণ
291,দক্ষিণ
292,প্রদান
293,মানে
294,মেয়ে
295,৬
296,ইসলাম
297,এতে
298,এসব
299,করলে
300,নিশ্চিত
301,পারি
302,বের
303,যান
304,সরকারি
305,হওয়া
306,ই
307,করছি
308,ঘটনা
309,থাকতে
310,পালন
311,বন্ধু
312,বাবা
313,ভারতীয়
314,শেখ
315,জানতে
316,দাবি
317,দু
318,নেতা
319,মারা
320,হয়নি
321,অর্থ
322,আইন
323,এত
324,খান
325,নির্বাচনে
326,পরিবর্তন
327,প্রশ্ন
328,বিশ্বের
329,সংবাদ
330,00টি
331,এসেছে
332,কখনো
333,কোটি
334,দ্বিতীয়
335,ব্যক্তি
336,ভুল
337,যোগ
338,লোক
339,সবার
340,the
341,অনুযায়ী
342,আপনাকে
343,আসছে
344,আসলে
345,বাইরে
346,যাওয়ার
347,রাতে
348,সংখ্যা
349,স্থানীয়
350,হত্যা
351,হোক
352,৭
353,গুরুত্বপূর্ণ
354,দরকার
355,দ্বারা
356,নিহত
357,পানি
358,বর্তমান
359,ভাষা
360,মার্কিন
361,স্বাধীনতা
362,অবস্থান
363,কাজে
364,নিজেকে
365,বিশ্ব
366,রাখা
367,সম্ভব
368,সিদ্ধান্ত
369,৮
370,উপজেলার
371,এলাকায়
372,কর
373,গেল
374,প্রকাশিত
375,বাড়ি
376,যদিও
377,যুদ্ধ
378,রেখে
379,a
380,আছি
381,আলোচনা
382,কোথায়
383,চান
384,ছেড়ে
385,পরিবারের
386,বাস
387,মার্চ
388,যাতে
389,শহরের
390,হন
391,অন্যতম
392,আছেন
393,জানি
394,থাকার
395,নাই
396,বসে
397,রাখতে
398,এগিয়ে
399,কত
400,করেছি
401,করেছিল
402,তোমাকে
403,দ্রুত
404,পারবে
405,পুলিশের
406,পেতে
407,বাংলাদেশে
408,ভয়
409,মুসলিম
410,সারা
411,সৃষ্টি
412,আগস্ট
413,চলছে
414,চিন্তা
415,বিয়ে
416,বিষয়
417,মাসে
418,মূল
419,লেখা
420,সকাল
421,স্কুল
422,আগামী
423,এরপর
424,ঐ
425,কারন
426,গান
427,জানা
428,ফোন
429,মুক্তি
430,সাবেক
431,হয়তো
432,হিসাবে
433,খাবার
434,খেলা
435,ছাত্র
436,দুটি
437,পক্ষে
438,বর্তমানে
439,বার
440,ভোট
441,মাস
442,সংসদ
443,সেরা
444,ওপর
445,কঠিন
446,গেলে
447,গ্রেফতার
448,দিনের
449,নি
450,পাকিস্তান
451,যিনি
452,সময়ের
453,সামাজিক
454,সেপ্টেম্বর
455,৯
456,অবশ্যই
457,উল্লেখ
458,একে
459,কোনও
460,গুলি
461,ঘটে
462,ছিলো
463,জনপ্রিয়
464,জীবনের
465,দিয়েছেন
466,পরিবার
467,পুরো
468,প্রাথমিক
469,বই
470,বিশ্ববিদ্যালয়ের
471,লাভ
472,শিশু
473,স্ত্রী
474,of
475,অবস্থা
476,আহত
477,উন্নয়ন
478,এখনও
479,এপ্রিল
480,কলেজ
481,কাছ
482,খুবই
483,গল্প
484,চালু
485,পথ
486,পূর্ব
487,বলছে
488,বিরোধী
489,বিস্তারিত
490,বুঝতে
491,মৃত্যুর
492,শহর
493,আপনাদের
494,উপজেলা
495,কয়েক
496,কাজের
497,কিছুই
498,কেন্দ্র
499,ঘটনায়
500,চার
501,তে
502,দায়িত্ব
503,নিজেদের
504,ফুটবল
505,রহমান
506,রাত
507,শিক্ষক
508,আপনারা
509,আসা
510,কিনা
511,গাড়ি
512,জন্যে
513,থেকেই
514,দেবে
515,নামের
516,পায়
517,পারবেন
518,যুক্ত
519,যোগাযোগ
520,লাখ
521,সবাইকে
522,হলেও
523,আলী
524,এমনকি
525,কাউকে
526,কারো
527,কেবল
528,গড়ে
529,পরিচিত
530,পরীক্ষা
531,ফেলে
532,বিষয়টি
533,বেশী
534,শেয়ার
535,হয়েছেন
536,হামলা
537,অবস্থায়
538,আগের
539,একবার
540,কয়েকটি
541,খুঁজে
542,জুলাই
543,তারপর
544,পথে
545,পাশাপাশি
546,মুখে
547,মে
548,রক্ষা
549,সম্পর্ক
550,অধিকার
551,উদ্ধার
552,একমাত্র
553,চোখ
554,দেওয়ার
555,ধারণা
556,পাকিস্তানের
557,প্রতিষ্ঠান
558,মুক্ত
559,সহজ
560,এদের
561,এলাকা
562,ক্রিকেট
563,ক্ষমতা
564,খুন
565,থাকেন
566,দিনে
567,দেখি
568,ভাষায়
569,মধ্য
570,মহিলা
571,মামলা
572,রায়
573,লক্ষ
574,লাগে
575,স্বাস্থ্য
576,হারিয়ে
577,আহমেদ
578,উপায়
579,কেন্দ্রীয়
580,জয়
581,তারিখে
582,দিচ্ছে
583,নিরাপত্তা
584,পা
585,পাশে
586,বাড়িতে
587,বিএনপি
588,বিচার
589,ভুলে
590,মুখ
591,মোবাইল
592,আন্দোলন
593,আসবে
594,উচ্চ
595,ঘরে
596,তোর
597,ধরা
598,পেয়ে
599,প্রেসিডেন্ট
600,বিক্রি
601,শক্তি
602,সঠিক
603,সমস্ত
604,সাংবাদিক
605,সৌদি
606,অফ
607,আসল
608,উঠে
609,উপরে
610,এদিকে
611,জন্ম
612,তাতে
613,নেওয়া
614,পছন্দ
615,পরিকল্পনা
616,পান
617,পুরস্কার
618,পৃথিবীর
619,মাথা
620,রাষ্ট্রপতি
621,লক্ষ্য
622,শব্দ
623,সত্যি
624,আটক
625,আলাদা
626,ইতিহাস
627,এলাকার
628,চট্টগ্রাম
629,জেলার
630,টা
631,দেয়ার
632,নামক
633,নিজস্ব
634,পরিণত
635,পাঁচ
636,ফেসবুক
637,বিভাগের
638,বিমান
639,বৃদ্ধি
640,মন্ত্রী
641,যাই
642,রাজ্যের
643,শহরে
644,শিকার
645,শেষে
646,অক্টোবর
647,অব
648,আসতে
649,জায়গা
650,তুই
651,থাকলে
652,নির্দেশ
653,নেয়
654,পরবর্তী
655,পরিচালক
656,প্রতিটি
657,ভাগ
658,ভারতে
659,যুক্তরাষ্ট্রের
660,যৌন
661,লেখক
662,শতাংশ
663,শুধুমাত্র
664,সংস্থা
665,সদর
666,সভাপতি
667,স্থান
668,to
669,অপেক্ষা
670,আওয়ামী
671,আগেই
672,ইউনিয়নের
673,করেছিলেন
674,দাম
675,পাওয়ার
676,ফেব্রুয়ারি
677,বছরে
678,বলার
679,বিএনপির
680,বিশ্ববিদ্যালয়
681,মোহাম্মদ
682,লীগ
683,স্থানে
684,জীবনে
685,জুন
686,দিক
687,দিবস
688,দীর্ঘ
689,নিউজ
690,নির্বাচিত
691,মন
692,মায়ের
693,রাজ্য
694,শুভ
695,সড়ক
696,সিটি
697,অর্জন
698,আয়োজন
699,ইউনিয়ন
700,এটাই
701,এম
702,পুরুষ
703,প্রার্থী
704,বদলে
705,ব্যাপক
706,মতে
707,মাথায়
708,রাখার
709,রাস্তা
710,সত্য
711,সম্পাদক
712,সামরিক
713,হতো
714,অনলাইন
715,এরা
716,করব
717,কার্যক্রম
718,গ্রামে
719,জানেন
720,জায়গায়
721,দূরে
722,নভেম্বর
723,নেয়া
724,প্রথমে
725,প্রমাণ
726,প্রিয়
727,লড়াই
728,সরাসরি
729,সেবা
730,অনুষ্ঠান
731,কিংবা
732,জানে
733,টাকার
734,তাদেরকে
735,নষ্ট
736,নিচে
737,নির্বাচনের
738,পাবেন
739,পেয়েছে
740,বাজার
741,বাহিনী
742,মিথ্যা
743,যাদের
744,by
745,in
746,অস্ত্র
747,আক্রান্ত
748,আয়
749,ইসলামী
750,কখনও
751,করলাম
752,করো
753,তোমরা
754,দেখার
755,নিয়ন্ত্রণ
756,নির্মাণ
757,পড়েছে
758,পরিচয়
759,পরিমাণ
760,পাবে
761,প্রভাব
762,বয়স
763,বল
764,ব্যক্তিগত
765,ভূমিকা
766,মানুষকে
767,মাসের
768,রাজধানী
769,লীগের
770,সিলেট
771,স্বপ্ন
772,হলেন
773,অনুসারে
774,আঘাত
775,আজকে
776,আসার
777,কষ্ট
778,কালো
779,ধ্বংস
780,নারীদের
781,প্রযুক্তি
782,বাদ
783,বিদ্যুৎ
784,বিপক্ষে
785,বিশাল
786,যথেষ্ট
787,রকম
788,শান্তি
789,সন্তান
790,সমর্থন
791,সর্বোচ্চ
792,অবস্থিত
793,আন্দোলনের
794,আরব
795,উৎসব
796,এতো
797,কর্তৃক
798,চৌধুরী
799,জানিয়েছেন
800,ডলার
801,তাঁদের
802,তালিকা
803,তৈরী
804,ধর্ম
805,প্রতিদিন
806,প্রবেশ
807,প্রস্তাব
808,বলেছে
809,বিক্ষোভ
810,বিষয়ক
811,ব্যাংক
812,মজা
813,মিনিট
814,রাজা
815,সুবিধা
816,and
817,অন্তত
818,আক্রমণ
819,একদিন
820,কর্মকর্তা
821,খুলে
822,গ্রাম
823,গ্রুপ
824,চলচ্চিত্র
825,ডিসেম্বর
826,পড়তে
827,বরং
828,বলছেন
829,বাহিনীর
830,ব্যাপার
831,ভিন্ন
832,শক্তিশালী
833,সংগ্রহ
834,00তম
835,অভিযান
836,আল্লাহ
837,একা
838,এছাড়া
839,এভাবে
840,কমিটি
841,চোখে
842,জানান
843,টিভি
844,ঢাকার
845,তৃতীয়
846,নিয়েছে
847,পদে
848,প্রতিবাদ
849,বাসায়
850,মোট
851,রাস্তায়
852,00শে
853,আজকের
854,আবেদন
855,আসুন
856,আহ্বান
857,গ্রামের
858,চুক্তি
859,জনগণের
860,জনের
861,ধর্মীয়
862,নাগরিক
863,নানা
864,নিজ
865,পরিচালনা
866,বাকি
867,বেঁচে
868,মন্তব্য
869,মহান
870,মেনে
871,লাল
872,সকালে
873,সমাজ
874,হার
875,আগুন
876,উপস্থিত
877,এছাড়াও
878,এস
879,করবো
880,কর্মী
881,কীভাবে
882,ক্ষতি
883,খালেদা
884,খেলার
885,গঠন
886,ঘটনার
887,জুড়ে
888,তেমন
889,দাও
890,পর্যায়ে
891,প্রাক্তন
892,বর্ণনা
893,বেড়ে
894,মূল্য
895,মৃত
896,রাখে
897,শহীদ
898,সফল
899,হামলার
900,অধীনে
901,অনুমতি
902,ইন্টারনেট
903,কার
904,খুশি
905,গ্রেপ্তার
906,চালিয়ে
907,তোমাদের
908,নিয়োগ
909,নিরাপদ
910,প্রস্তুত
911,বিভাগ
912,মাছ
913,শিল্প
914,on
915,অত্যন্ত
916,অনুষ্ঠানে
917,অর্থনৈতিক
918,কবি
919,কেটে
920,চাইলে
921,চেয়ারম্যান
922,ছড়িয়ে
923,ছবির
924,তাঁকে
925,তিনটি
926,ধীরে
927,পড়া
928,পরিষ্কার
929,পরের
930,বললেন
931,বাবার
932,ভর্তি
933,মালিক
934,রিপোর্ট
935,রেকর্ড
936,শত
937,সংগঠন
938,সম্মান
939,সরকারী
940,সর্বশেষ
941,স্বামী
942,হক
943,হবার
944,হাসপাতালে
945,অপরাধ
946,আদালত
947,ইত্যাদি
948,এগুলো
949,কমিটির
950,ক্ষমা
951,ঘুরে
952,ছিলাম
953,জাতির
954,জেনারেল
955,তাঁরা
956,দিলে
957,দূর
958,নিজে
959,নিন
960,নির্বাচনী
961,পার
962,ফেসবুকে
963,বলি
964,ব্যবহৃত
965,ব্যর্থ
966,যত
967,যাকে
968,শাস্তি
969,শুনে
970,সমাধান
971,সম্ভবত
972,স্বাধীন
973,হোসেন
974,ঐতিহাসিক
975,করল
976,করলেন
977,করেই
978,কল
979,কাল
980,কাহিনী
981,কিছুটা
982,খেয়ে
983,জড়িত
984,ডিজিটাল
985,পরিবেশ
986,পেছনে
987,প্রকল্প
988,মিলিয়ন
989,সংস্কৃতি
990,সম্পূর্ণ
991,হয়ত
992,হাসান
993,হুমকি
994,অংশগ্রহণ
995,অতিরিক্ত
996,আবু
997,কুমার
998,গতকাল
999,গুলো
1000,তারিখ
1001,দলে
1002,নিউ
1003,পোস্ট
1004,বি
1005,যুদ্ধের
1006,রে
1007,শিক্ষার্থী
1008,সংক্রান্ত
1009,সম্পন্ন
1010,সাল
1011,হত
1012,"00,000"
1013,আ
1014,আদেশ
1015,উদ্দেশ্যে
1016,খেতে
1017,গেলো
1018,ঘর
1019,চুরি
1020,তদন্ত
1021,নদী
1022,নদীর
1023,নিষিদ্ধ
1024,পরিষদ
1025,প্রচার
1026,ফল
1027,বাজারে
1028,মিস
1029,ম্যাচ
1030,যুক্তরাষ্ট্র
1031,শ্রমিক
1032,সক্ষম
1033,সভা
1034,হা
1035,অঞ্চলের
1036,অনেকেই
1037,অভিনয়
1038,অভিযোগে
1039,কারনে
1040,কার্যকর
1041,খরচ
1042,গভীর
1043,গেছেন
1044,চা
1045,চিকিৎসা
1046,চীন
1047,ছবিতে
1048,দেব
1049,পক্ষ
1050,পার্টির
1051,পূর্ণ
1052,ফলাফল
1053,বাধ্য
1054,ব্যক্তির
1055,ভাষার
1056,মূলত
1057,যাত্রা
1058,রাজনীতি
1059,সেনা
1060,স্কুলে
1061,হঠাৎ
1062,আটকে
1063,আমিও
1064,আমেরিকান
1065,ইংরেজি
1066,এন্ড
1067,করত
1068,খোলা
1069,গরম
1070,গোপন
1071,ঘন্টা
1072,দে
1073,দৈনিক
1074,পবিত্র
1075,পোশাক
1076,প্রতিবেদন
1077,বাংলার
1078,ব্যবসা
1079,মাঠে
1080,মামলার
1081,যেসব
1082,রক্ত
1083,শীর্ষ
1084,হিন্দু
1085,হে
1086,http
1087,অন্যদিকে
1088,অবশ্য
1089,আনন্দ
1090,আনা
1091,আলো
1092,ইচ্ছা
1093,ইন
1094,কবিতা
1095,কোথাও
1096,খাদ্য
1097,ঘটেছে
1098,চূড়ান্ত
1099,ছয়
1100,জানুয়ারি
1101,টেস্ট
1102,তালিকায়
1103,দাঁড়িয়ে
1104,নিয়মিত
1105,নেন
1106,পুনরায়
1107,বঙ্গবন্ধু
1108,বহু
1109,বাতিল
1110,বিখ্যাত
1111,বোন
1112,মুখোমুখি
1113,মেয়েদের
1114,যেহেতু
1115,রাষ্ট্র
1116,শুনতে
1117,সম্প্রতি
1118,সাংস্কৃতিক
1119,সাদা
1120,সামান্য
1121,স্বীকার
1122,অবৈধ
1123,অসাধারণ
1124,ইসলামের
1125,উদ্দেশ্য
1126,উদ্যোগ
1127,জাতি
1128,জানিয়েছে
1129,দখল
1130,নিজেই
1131,পরিস্থিতি
1132,পশ্চিম
1133,পাঠানো
1134,পাতা
1135,পানির
1136,ফিরিয়ে
1137,বোমা
1138,ভেঙ্গে
1139,মেয়র
1140,মেয়ের
1141,রান
1142,সপ্তাহ
1143,সহায়তা
1144,সাত
1145,সি
1146,হত্যার
1147,আনতে
1148,আল্লাহর
1149,উচিৎ
1150,উন্নত
1151,এরকম
1152,ওঠে
1153,করায়
1154,জানিয়ে
1155,নারীর
1156,পদ্ধতি
1157,পরিচালিত
1158,পালিয়ে
1159,পিতা
1160,প্রশিক্ষণ
1161,বিয়ের
1162,বিশ্বকাপ
1163,বিশ্ববিদ্যালয়ে
1164,মাদক
1165,মানব
1166,লাগবে
1167,স্থাপন
1168,হাসিনা
1169,অনুরোধ
1170,অনেকে
1171,অর্থাৎ
1172,উঠেছে
1173,উপলক্ষে
1174,কলেজের
1175,গবেষণা
1176,গাছ
1177,ঘণ্টা
1178,চাপ
1179,চীনের
1180,জন্যই
1181,ড
1182,পরিবহন
1183,পাই
1184,প্রতিষ্ঠা
1185,বিদায়
1186,ভবন
1187,রাজধানীর
1188,রাজশাহী
1189,রোগ
1190,সমাজের
1191,স্বাধীনতার
1192,হওয়ায়
1193,হ্যাঁ
1194,1
1195,for
1196,অল্প
1197,আদালতে
1198,আধুনিক
1199,কম্পিউটার
1200,করেনি
1201,কারাগারে
1202,কোম্পানি
1203,গিয়েছে
1204,জমি
1205,জানায়
1206,জিনিস
1207,জেনে
1208,তরুণ
1209,নম্বর
1210,নেতৃত্বে
1211,পড়ার
1212,পরামর্শ
1213,প্রচুর
1214,প্রতিনিধি
1215,বক্তব্য
1216,বাধা
1217,ভেবে
1218,মজার
1219,মান
1220,মামলায়
1221,লক্ষ্যে
1222,সবসময়
1223,সমান
1224,সম্পদ
1225,স্বাভাবিক
1226,i
1227,অধ্যাপক
1228,অবশেষে
1229,আইনের
1230,কৃষি
1231,গিয়েছিল
1232,গুরুত্ব
1233,চিহ্নিত
1234,চোখের
1235,ছাড়াও
1236,জোর
1237,জ্ঞান
1238,ঢাকায়
1239,তীব্র
1240,থাকি
1241,দিবে
1242,নির্দিষ্ট
1243,পার্টি
1244,পুত্র
1245,বিজ্ঞান
1246,ব্যবসায়ী
1247,মসজিদ
1248,যাক
1249,যাচ্ছেন
1250,রাতের
1251,লম্বা
1252,লোকজন
1253,শিক্ষার্থীদের
1254,শিল্পী
1255,সংস্থার
1256,অনুসরণ
1257,আমায়
1258,আসলেই
1259,উভয়
1260,করলো
1261,চলবে
1262,চিঠি
1263,জল
1264,জানাতে
1265,জি
1266,জীবিত
1267,ডি
1268,তেল
1269,ধরতে
1270,নাটক
1271,প্রকল্পের
1272,প্রকৃত
1273,প্রক্রিয়া
1274,প্রধানমন্ত্রীর
1275,বলছি
1276,বাঙালি
1277,ব্রিটিশ
1278,ভেতরে
1279,মডেল
1280,মধ্যেই
1281,মিয়া
1282,মিলে
1283,লা
1284,লাশ
1285,স্যার
1286,অথচ
1287,অনুবাদ
1288,আই
1289,আব্দুল
1290,আরেকটি
1291,উদ্বোধন
1292,ওর
1293,ওরা
1294,করিয়ে
1295,কর্তৃপক্ষ
1296,কেনো
1297,গোল
1298,ছবিটি
1299,ছাড়াই
1300,জানানো
1301,ডাক্তার
1302,দয়া
1303,দারুণ
1304,দি
1305,দিল
1306,দ্য
1307,পরিষদের
1308,প্রতিযোগিতা
1309,প্রাপ্ত
1310,ফুল
1311,বিজয়
1312,ভালোবাসা
1313,ভেঙে
1314,মি
1315,মুহাম্মদ
1316,যেভাবে
1317,লাইন
1318,লাগছে
1319,শিশুদের
1320,সতর্ক
1321,সন্দেহ
1322,স্থায়ী
1323,অতি
1324,অনুমোদন
1325,উক্ত
1326,কমে
1327,খাওয়া
1328,খালি
1329,চমৎকার
1330,চলতে
1331,জনাব
1332,ট্রেন
1333,তোমায়
1334,দশ
1335,দান
1336,নং
1337,নির্যাতন
1338,নীল
1339,পরিবর্তনের
1340,বাড়ির
1341,ভয়াবহ
1342,মিডিয়া
1343,সদস্যদের
1344,সমালোচনা
1345,সাধারণত
1346,সিরিজ
1347,স্কুলের
1348,হবেন
1349,০
1350,আর্থিক
1351,আসেন
1352,উন্নয়নের
1353,এইসব
1354,একেবারে
1355,ওয়েবসাইট
1356,করতেন
1357,জনতা
1358,জমা
1359,থানা
1360,নিয়ম
1361,নেমে
1362,প্রস্তুতি
1363,বয়সী
1364,বাংলাদেশী
1365,বেছে
1366,ব্যবহারের
1367,ব্যস্ত
1368,ব্যাখ্যা
1369,ভবিষ্যৎ
1370,মনোনয়ন
1371,যাচ্ছি
1372,যাবার
1373,যাবেন
1374,শরীর
1375,শাহ
1376,সংশ্লিষ্ট
1377,সত্যিই
1378,♪
1379,2
1380,অঞ্চলে
1381,অফিস
1382,আমেরিকার
1383,উৎপাদন
1384,কারা
1385,চরম
1386,জিজ্ঞেস
1387,তোলা
1388,পরীক্ষার
1389,পাগল
1390,পাশ
1391,পিছনে
1392,পেয়েছেন
1393,প্রাকৃতিক
1394,প্রেম
1395,বৃষ্টি
1396,বেলা
1397,ভিত্তিক
1398,যুদ্ধে
1399,লোকের
1400,শিক্ষার
1401,সন্ত্রাসী
1402,সবুজ
1403,সেগুলো
1404,হাই
1405,হুম
1406,00ই
1407,অনুভব
1408,আরেক
1409,একসাথে
1410,এনে
1411,এল
1412,কলকাতা
1413,কলেজে
1414,কেন্দ্রে
1415,চাকরি
1416,চ্যানেল
1417,তুলনায়
1418,ত্যাগ
1419,দেশটির
1420,দ্যা
1421,ধরণের
1422,নির্ভর
1423,পণ্য
1424,পাখি
1425,পেলে
1426,বিতরণ
1427,বিশিষ্ট
1428,বেগম
1429,ভূমি
1430,মনের
1431,যাও
1432,লিখেছেন
1433,সম্প্রদায়ের
1434,সরবরাহ
1435,সিনেমা
1436,সূত্র
1437,অভিনেতা
1438,উপহার
1439,এশিয়া
1440,কখন
1441,কাছাকাছি
1442,কাপ
1443,গ্যাস
1444,ঘুম
1445,চিত্র
1446,জানার
1447,জিয়া
1448,দিয়েছিল
1449,দিলাম
1450,দেখেছি
1451,দোষ
1452,ধারণ
1453,ধারা
1454,নাম্বার
1455,নিকট
1456,পৃথিবী
1457,প্রতিবাদে
1458,প্রত্যেক
1459,প্রশ্নের
1460,বিজয়ী
1461,বিবেচনা
1462,বেসরকারি
1463,মানসিক
1464,যেটা
1465,শনিবার
1466,শ্রেষ্ঠ
1467,সংযোগ
1468,সম্মেলন
1469,সীমান্ত
1470,অদ্ভুত
1471,অনেকটা
1472,আফ্রিকার
1473,আবদুল
1474,উপাদান
1475,কয়েকজন
1476,খেলতে
1477,গানের
1478,চরিত্র
1479,ছোট্ট
1480,টু
1481,দৃশ্য
1482,দেখিয়ে
1483,নেতাদের
1484,নেতৃত্ব
1485,নেয়ার
1486,পারলে
1487,পুরনো
1488,পৃথিবীতে
1489,পৌঁছে
1490,প্রতিরোধ
1491,বলেছিলেন
1492,বসবাস
1493,ভাড়া
1494,ভিত্তিতে
1495,লিখে
1496,শুরুর
1497,সপ্তাহে
1498,সম্ভাবনা
1499,সেটি
1500,অভিজ্ঞতা
1501,অসুস্থ
1502,কর্মসূচি
1503,জরুরী
1504,থাক
1505,দাবিতে
1506,দুর্নীতি
1507,দেখলাম
1508,নীতি
1509,পড়বে
1510,পারেনি
1511,পূর্বে
1512,প্রতীক
1513,বলো
1514,বিল
1515,বেশিরভাগ
1516,বোর্ড
1517,ব্যাংকের
1518,মন্ত্রণালয়
1519,মুক্তির
1520,মেয়েকে
1521,মেরে
1522,ম্যাচে
1523,শাসন
1524,শ্রদ্ধা
1525,সবকিছু
1526,সুপার
1527,অবাক
1528,অ্যান্ড
1529,কঠোর
1530,কতটা
1531,কথায়
1532,কমিশন
1533,খেলে
1534,দায়ী
1535,ধর্মের
1536,নন
1537,নিয়েছেন
1538,নেওয়ার
1539,পদক্ষেপ
1540,পাচ্ছে
1541,প্রতিষ্ঠানের
1542,প্রয়োগ
1543,প্রয়োজনীয়
1544,ফর
1545,বন্ধুদের
1546,বন্ধুরা
1547,বাজে
1548,বার্তা
1549,বেরিয়ে
1550,মন্ত্রণালয়ের
1551,মহিলাদের
1552,মুসলমান
1553,মেডিকেল
1554,যোগ্য
1555,রং
1556,শুক্রবার
1557,সরিয়ে
1558,সেদিন
1559,at
1560,is
1561,অফিসে
1562,অভিনেত্রী
1563,অসংখ্য
1564,আচরণ
1565,আদালতের
1566,আমাদেরকে
1567,আমেরিকা
1568,এসেছেন
1569,কাপড়
1570,কিলোমিটার
1571,কেন্দ্রের
1572,কৌশল
1573,খুলনা
1574,ঘিরে
1575,চলেছে
1576,চুল
1577,ছেলের
1578,জারি
1579,জেগে
1580,তবুও
1581,থেকেও
1582,দেখলে
1583,নিচের
1584,পদ
1585,পুরোপুরি
1586,প্রাণ
1587,ফেরত
1588,বয়সে
1589,বার্ষিক
1590,বিন
1591,বিশ্বে
1592,বেতন
1593,বোঝা
1594,মঙ্গলবার
1595,মিছিল
1596,যায়নি
1597,সাহিত্য
1598,স্মৃতি
1599,হচ্ছেন
1600,হাসি
1601,0.00
1602,অনলাইনে
1603,অস্ট্রেলিয়া
1604,আবারও
1605,ইতিহাসে
1606,কাদের
1607,কার্ড
1608,ক্রীড়া
1609,জনগণ
1610,দাবী
1611,দেখানো
1612,নজর
1613,পারছি
1614,পাস
1615,প্রবাসী
1616,বিদ্যালয়
1617,ভেতর
1618,মাহমুদ
1619,যাব
1620,রেখেছে
1621,শুরুতে
1622,সক্রিয়
1623,সমস্যার
1624,সমাবেশ
1625,সোমবার
1626,হিসাব
1627,from
1628,অধিক
1629,অফিসার
1630,অভাব
1631,আইনজীবী
1632,আওতায়
1633,আগামীকাল
1634,আট
1635,আদর্শ
1636,আফ্রিকা
1637,আলম
1638,আশ্রয়
1639,ইতিহাসের
1640,উদ্যোগে
1641,উনি
1642,একাধিক
1643,এখানকার
1644,ওদের
1645,কখনোই
1646,খানের
1647,জেলে
1648,ডাক
1649,থাকবেন
1650,দিলেন
1651,দোকান
1652,নির্ধারণ
1653,নির্মিত
1654,পড়ছে
1655,পড়ুন
1656,পার্থক্য
1657,প্রদর্শন
1658,বলল
1659,বিকল্প
1660,যুক্তরাষ্ট্রে
1661,সংরক্ষণ
1662,সঙ্গীত
1663,হাতের
1664,"0,000"
1665,000টি
1666,অর্থনীতি
1667,আবারো
1668,উইকেট
1669,এটাকে
1670,ক্ষুদ্র
1671,চলমান
1672,চেয়েও
1673,জরুরি
1674,জাতিসংঘের
1675,জিয়ার
1676,তাছাড়া
1677,দলীয়
1678,নিচ্ছে
1679,পত্রিকা
1680,বাস্তব
1681,বিপুল
1682,মুক্তিযোদ্ধা
1683,মুহূর্তে
1684,যেত
1685,রাজি
1686,রাশিয়া
1687,রাস্তার
1688,সংসদের
1689,সমাজে
1690,সম্পর্কিত
1691,সরে
1692,সাধারন
1693,আওয়াজ
1694,আবিষ্কার
1695,ইরানের
1696,উল্লেখযোগ্য
1697,কংগ্রেস
1698,কোম্পানির
1699,জবাব
1700,জর্জ
1701,টেলিভিশন
1702,তৈরির
1703,থাকুন
1704,দলকে
1705,দিয়েছিলেন
1706,নই
1707,নেবে
1708,পতাকা
1709,পাথর
1710,পাবলিক
1711,প্রশংসা
1712,বাচ্চা
1713,বুধবার
1714,ভিত্তি
1715,মাটিতে
1716,রান্না
1717,লোকদের
1718,শাখা
1719,সকলের
1720,সন্ধ্যা
1721,সাংবাদিকদের
1722,সাড়া
1723,সাহেব
1724,সেনাবাহিনী
1725,স্বীকৃতি
1726,হাজির
1727,অধিনায়ক
1728,অনুষ্ঠানের
1729,অপেক্ষায়
1730,অভিনন্দন
1731,ইসলামিক
1732,কাজী
1733,ক্ষমতায়
1734,খাওয়ার
1735,গ্রুপের
1736,ঘরের
1737,জটিল
1738,তথা
1739,তুলতে
1740,দেবেন
1741,নজরুল
1742,পরাজিত
1743,পর্ব
1744,পেয়েছি
1745,প্রশাসন
1746,প্রার্থনা
1747,ফেলা
1748,বহন
1749,বিশ্বকাপের
1750,বুঝে
1751,বৃদ্ধির
1752,ব্যয়
1753,ভ্রমণ
1754,মাংস
1755,মেয়েরা
1756,রয়েছেন
1757,রাখুন
1758,রাশিয়ার
1759,শিশুর
1760,শীঘ্রই
1761,শ্রমিকদের
1762,সত্ত্বেও
1763,সফরে
1764,সহকারী
1765,সুস্থ
1766,হই
1767,হযরত
1768,হৃদয়
1769,অভিযুক্ত
1770,আউট
1771,আঞ্চলিক
1772,আবুল
1773,ইচ্ছে
1774,উন্মুক্ত
1775,এশিয়ার
1776,ওয়েব
1777,কুমিল্লা
1778,গাছের
1779,গুগল
1780,চীনা
1781,জনকে
1782,জেলায়
1783,ডিম
1784,তম
1785,নিষেধাজ্ঞা
1786,পাকিস্তানে
1787,বজায়
1788,বলেই
1789,বাংলাদেশি
1790,বাড়ছে
1791,বিভাগে
1792,ব্লক
1793,ভিতরে
1794,মুসলমানদের
1795,রাষ্ট্রীয়
1796,সংঘর্ষ
1797,সংযুক্ত
1798,সহজে
1799,সেখান
1800,সেটাই
1801,সেতু
1802,হয়না
1803,3
1804,you
1805,অজানা
1806,অব্যাহত
1807,উৎস
1808,এমপি
1809,কিনে
1810,গঠিত
1811,গেলাম
1812,ঘৃণা
1813,চাইতে
1814,তাকিয়ে
1815,দুটো
1816,দুর্বল
1817,দৃষ্টি
1818,প্রাচীন
1819,বইয়ের
1820,বরিশাল
1821,বিতর্ক
1822,বীর
1823,ভাবতে
1824,মাটি
1825,মানুষদের
1826,যাত্রী
1827,যোগদান
1828,রাখেন
1829,রুশ
1830,রেডিও
1831,লোকেরা
1832,শারীরিক
1833,সফর
1834,সম্পর্কের
1835,সহযোগিতা
1836,সেন্টার
1837,সৈয়দ
1838,স্ত্রীর
1839,হামলায়
1840,হাসপাতাল
1841,অবদান
1842,অর্ডার
1843,ঈদ
1844,উঠতে
1845,উদযাপন
1846,উপ
1847,উপস্থাপন
1848,কবে
1849,করেছিলাম
1850,কর্মীদের
1851,কিছুদিন
1852,গায়ে
1853,গোয়েন্দা
1854,জড়িয়ে
1855,জাহাজ
1856,টিম
1857,ডেস্ক
1858,দিচ্ছেন
1859,দিয়েছি
1860,দুধ
1861,নির্মাণের
1862,নির্যাতনের
1863,পরবর্তীতে
1864,পরিবর্তে
1865,পানিতে
1866,পূরণ
1867,পেলাম
1868,প্রতিযোগিতায়
1869,প্রতিশ্রুতি
1870,প্রদেশের
1871,বাড়িয়ে
1872,মিষ্টি
1873,মুছে
1874,যাবো
1875,যেই
1876,শোনা
1877,সদস্যরা
1878,সহ্য
1879,সাফল্য
1880,news
1881,অঞ্চল
1882,অলিম্পিক
1883,আনার
1884,ইন্টারন্যাশনাল
1885,ইমাম
1886,কন্যা
1887,কিশোর
1888,গাড়ির
1889,চিনি
1890,চুপ
1891,ছুটি
1892,জেল
1893,ঝুঁকি
1894,তাও
1895,তারকা
1896,থাকলেও
1897,দুপুর
1898,দেখাতে
1899,নবী
1900,নির্বাহী
1901,নৌকা
1902,পড়েন
1903,প্রতিষ্ঠাতা
1904,বাবু
1905,ব্যথা
1906,ভালোবাসি
1907,মানবাধিকার
1908,রহমানের
1909,রূপ
1910,সংগ্রাম
1911,সন্তানের
1912,সমগ্র
1913,সরকারকে
1914,সাহস
1915,অন্যদের
1916,অস্ট্রেলিয়ার
1917,আয়োজিত
1918,ইউ
1919,উদাহরণ
1920,উপজেলায়
1921,ঐতিহ্যবাহী
1922,ওজন
1923,করছিল
1924,করতো
1925,কেননা
1926,ক্যামেরা
1927,খেয়াল
1928,খোঁজ
1929,জয়ের
1930,টুইট
1931,দরজা
1932,দাস
1933,দুর্ঘটনা
1934,দেই
1935,ন্যাশনাল
1936,পয়েন্ট
1937,পাহাড়
1938,পি
1939,পুরুষের
1940,প্রতিক্রিয়া
1941,বাই
1942,বাণিজ্য
1943,বারবার
1944,বিদেশী
1945,বিনিয়োগ
1946,ভরে
1947,মনোযোগ
1948,মাঠ
1949,মাধ্যম
1950,মিনিটে
1951,রাজ্যে
1952,রায়ের
1953,লিখতে
1954,লুকিয়ে
1955,শপথ
1956,সপ্তাহের
1957,সাড়ে
1958,সামনের
1959,সাম্প্রতিক
1960,সিস্টেম
1961,সেনাবাহিনীর
1962,স্বাক্ষর
1963,হোটেল
1964,new
1965,আগ্রহ
1966,আসন
1967,উপভোগ
1968,এইটা
1969,এটিকে
1970,ওষুধ
1971,কোরিয়ার
1972,চলাচল
1973,ঢুকে
1974,তখনই
1975,দেখায়
1976,দেখেন
1977,পরীক্ষায়
1978,প্রথমবারের
1979,প্রেস
1980,ফেলেছে
1981,ফ্রি
1982,বন্দর
1983,বাম
1984,বিদ্যালয়ের
1985,বৈঠক
1986,মাকে
1987,মৌলিক
1988,যুব
1989,যৌথ
1990,রাগ
1991,সমৃদ্ধ
1992,সম্মেলনে
1993,সা
1994,অস্বীকার
1995,আপ
1996,আহমদ
1997,ইন্ডিয়া
1998,উদ্দিন
1999,এসো
2000,করলেও
2001,কেজি
2002,খেলায়
2003,গতি
2004,গোলে
2005,চারটি
2006,চেহারা
2007,ডেভিড
2008,দুজন
2009,ধর্ষণ
2010,পরেও
2011,পাঠ
2012,পায়ের
2013,বললাম
2014,বলুন
2015,বিবাহ
2016,মিটার
2017,মিল
2018,লেখার
2019,শুভেচ্ছা
2020,শোক
2021,সংখ্যক
2022,সংস্কার
2023,সূর্য
2024,২য়
2025,অধিকাংশ
2026,অন্যের
2027,আগ্রহী
2028,আচ্ছা
2029,আছো
2030,আরবের
2031,ইংল্যান্ড
2032,উন্নতি
2033,কারও
2034,কিনতে
2035,ক্ষমতার
2036,চতুর্থ
2037,চাল
2038,চালানো
2039,ছাত্রলীগের
2040,জাপানের
2041,টাইমস
2042,থাকায়
2043,থানার
2044,ধর্মঘট
2045,নারীরা
2046,নিখোঁজ
2047,নির্ধারিত
2048,পদত্যাগ
2049,পরেই
2050,পারিবারিক
2051,পার্ক
2052,প্রকাশের
2053,বন্যা
2054,বাসা
2055,বৃহস্পতিবার
2056,বোধ
2057,ব্যবস্থাপনা
2058,ব্যবস্থার
2059,ব্রাজিল
2060,ভাইয়ের
2061,ভাব
2062,ভালবাসি
2063,ভোটের
2064,মাথার
2065,মাধ্যমিক
2066,মেজর
2067,যুক্তি
2068,যেকোন
2069,রবিবার
2070,রাজনীতির
2071,রাষ্ট্রের
2072,রেড
2073,শক্ত
2074,শো
2075,সংসদে
2076,সচেতন
2077,সবই
2078,সমিতির
2079,সম্ভাব্য
2080,সহজেই
2081,সোনা
2082,স্পষ্ট
2083,স্মরণ
2084,হয়েছি
2085,অংশে
2086,অনুভূতি
2087,অন্তর্ভুক্ত
2088,অপর
2089,অস্তিত্ব
2090,আন্দোলনে
2091,ঈদের
2092,ঈশ্বরের
2093,কপি
2094,কামনা
2095,কৃষক
2096,কোচ
2097,কোড
2098,গণতান্ত্রিক
2099,গেছি
2100,চিহ্ন
2101,চেক
2102,চ্যাম্পিয়ন
2103,ছাত্রী
2104,জিজ্ঞাসা
2105,ডেকে
2106,দায়ে
2107,পরিবারে
2108,পায়ে
2109,প্রকার
2110,প্রচলিত
2111,প্রতিষ্ঠিত
2112,ফাইনালে
2113,বলবেন
2114,বানিয়ে
2115,বাসিন্দা
2116,বিচ্ছিন্ন
2117,বিদেশে
2118,ভবনের
2119,ভিতর
2120,মর্যাদা
2121,যেকোনো
2122,রা
2123,শাসক
2124,সমুদ্র
2125,সাক্ষাৎ
2126,সুতরাং
2127,স্থগিত
2128,0.0
2129,bangla
2130,আকাশ
2131,আত্মহত্যা
2132,আলোচনায়
2133,আলোচিত
2134,উপযুক্ত
2135,উপরের
2136,কই
2137,কলকাতার
2138,ক্লাব
2139,ক্লাবের
2140,ক্লাস
2141,গ্রহণের
2142,চাষ
2143,জন্মদিন
2144,জাপান
2145,টানা
2146,দলটি
2147,দুঃখ
2148,পরিবারকে
2149,পর্যটন
2150,পারো
2151,বর্ণিত
2152,বিরাট
2153,ভালবাসা
2154,মাটির
2155,রানে
2156,সংগঠনের
2157,সত্যিকারের
2158,সিরিজের
2159,সুন্দরী
2160,স্বাগত
2161,হালকা
2162,১ম
2163,অন
2164,আসি
2165,উজ্জ্বল
2166,ঋণ
2167,এখনই
2168,কারাদণ্ড
2169,কিছুর
2170,কুকুর
2171,খেলোয়াড়
2172,তোলার
2173,তোলে
2174,ধাক্কা
2175,নেটওয়ার্ক
2176,ন্যায়
2177,পক্ষের
2178,পর্যায়ের
2179,প্রদানের
2180,ফেরার
2181,বন্দী
2182,বিগত
2183,বিনিময়ে
2184,মিনিটের
2185,মুখের
2186,যুগে
2187,যেগুলো
2188,লিখিত
2189,শত্রু
2190,শান্ত
2191,শ্রেণীর
2192,সংবিধান
2193,সদস্যের
2194,সাইট
2195,with
2196,অপরাধের
2197,অবস্থার
2198,অর্ধেক
2199,অসম্ভব
2200,উঁচু
2201,একদম
2202,এভাবেই
2203,করতাম
2204,ঘটছে
2205,চ্যালেঞ্জ
2206,ঝড়
2207,দপ্তর
2208,দেখছি
2209,পত্রিকার
2210,পদক
2211,পাচ্ছেন
2212,পালিত
2213,প্রতিযোগিতার
2214,ফেলতে
2215,ফোনে
2216,বন্ধুর
2217,বলেছি
2218,বাংলায়
2219,বাইরের
2220,বানানো
2221,বিদ্যালয়ে
2222,বিনামূল্যে
2223,ভয়ে
2224,ভাবনা
2225,মার
2226,মিউজিক
2227,মেলা
2228,রানের
2229,লন্ডন
2230,সন্ধান
2231,সভায়
2232,সাগর
2233,স্টার
2234,হ্যা
2235,অতিক্রম
2236,আকর্ষণ
2237,আদায়
2238,ইতিমধ্যে
2239,উপস্থিতি
2240,একজনের
2241,ওয়েবসাইটে
2242,ওয়েস্ট
2243,কর্পোরেশন
2244,কাটা
2245,ক্লিক
2246,গুরুতর
2247,গ্রহন
2248,চলুন
2249,চালায়
2250,চিকিৎসার
2251,চিৎকার
2252,জানিনা
2253,ডট
2254,ডিগ্রি
2255,ডিজাইন
2256,দমন
2257,পছন্দের
2258,পারব
2259,পূজা
2260,পৌর
2261,প্রায়ই
2262,বন
2263,বলবে
2264,বাতাস
2265,বিজ্ঞাপন
2266,বিপ্লব
2267,বুক
2268,মদ
2269,মাইল
2270,মানের
2271,মো
2272,যেটি
2273,যোগ্যতা
2274,রাজনীতিতে
2275,রোগের
2276,শ্রী
2277,সংক্ষিপ্ত
2278,সেক্স
2279,স্টেশন
2280,হচ্ছিল
2281,হয়েছিলেন
2282,00.00
2283,অনেকের
2284,আইনে
2285,আফ্রিকান
2286,আমিন
2287,আমির
2288,আরে
2289,আস্তে
2290,এলো
2291,ওয়ার্ল্ড
2292,কর্তৃপক্ষের
2293,কর্ম
2294,গাড়িতে
2295,গ্রামীণ
2296,চালাতে
2297,চাহিদা
2298,জিতে
2299,ডুবে
2300,তাড়াতাড়ি
2301,দক্ষ
2302,দিয়েই
2303,দেবার
2304,দেশকে
2305,দোয়া
2306,ধারাবাহিক
2307,নগর
2308,নেতারা
2309,নোবেল
2310,পারিনি
2311,বললে
2312,বাঁচাতে
2313,বাঁধা
2314,ভিডিওতে
2315,মরে
2316,মাত্রা
2317,মুজিবুর
2318,মূর্তি
2319,যত্ন
2320,রঙ
2321,লাগিয়ে
2322,লি
2323,শরীরের
2324,সংস্কৃতির
2325,সান
2326,সাবধান
2327,সিনিয়র
2328,স্পর্শ
2329,4
2330,অভিযানে
2331,আগেও
2332,আলি
2333,আলোর
2334,এজন্য
2335,এবারের
2336,ঐতিহ্য
2337,কমান্ডার
2338,ক্রিকেটার
2339,খাবারের
2340,গেলেন
2341,জাতিসংঘ
2342,জানাই
2343,টাকায়
2344,দারুন
2345,দেখেছেন
2346,ধনী
2347,ধরার
2348,নিয়েই
2349,নিশ্চয়ই
2350,নেপালের
2351,পাশের
2352,পিছু
2353,ফাঁস
2354,বনাম
2355,বয়ে
2356,ভয়ঙ্কর
2357,মতোই
2358,মন্দির
2359,মির্জা
2360,রংপুর
2361,রাখবে
2362,রাখবেন
2363,শক্তির
2364,সম্প্রদায়
2365,সহযোগী
2366,সু
2367,সৃষ্টির
2368,‌
2369,অতঃপর
2370,ইয়র্ক
2371,উত্তম
2372,এইচ
2373,এন
2374,ওয়ান
2375,কমিশনের
2376,করুক
2377,কারণেই
2378,ক্ষতিগ্রস্ত
2379,খুনের
2380,জয়ী
2381,জাতীয়তাবাদী
2382,জার্মান
2383,জেমস
2384,জোট
2385,টাইম
2386,টিকে
2387,টুইটারে
2388,টেনে
2389,ঠিকানা
2390,ডাউনলোড
2391,দক্ষতা
2392,দেহ
2393,নাও
2394,নিরাপত্তার
2395,পরও
2396,পারলাম
2397,পাল্টে
2398,পিছিয়ে
2399,পৃথক
2400,পেরে
2401,প্রভাবিত
2402,প্রোগ্রাম
2403,বাছাই
2404,বিনোদন
2405,মাছের
2406,মানবিক
2407,মাল
2408,যুবক
2409,রচনা
2410,রেল
2411,লজ্জা
2412,শব্দের
2413,শরীরে
2414,সালাম
2415,সোনার
2416,স্বামীর
2417,হতাশ
2418,অ
2419,অন্ধকার
2420,অফিসের
2421,অবরোধ
2422,আলীর
2423,আলোচনার
2424,আসনের
2425,ইউনিট
2426,ওকে
2427,কণ্ঠ
2428,কমিয়ে
2429,কল্পনা
2430,কামাল
2431,গলা
2432,গল্পের
2433,ঘটনাটি
2434,জরিমানা
2435,ডাকা
2436,ডে
2437,তারেক
2438,তিনজন
2439,তৃণমূল
2440,তোকে
2441,দরিদ্র
2442,নিরপেক্ষ
2443,পাচ্ছি
2444,পাঠিয়ে
2445,পারবো
2446,পার্বত্য
2447,প্রকৃতির
2448,প্রচারিত
2449,প্রত্যাহার
2450,প্রদর্শনী
2451,প্রাণী
2452,প্রেমে
2453,ফাইনাল
2454,ফ্রান্স
2455,বাস্তবায়ন
2456,বিদেশি
2457,বিদ্যমান
2458,বিপদ
2459,বিলিয়ন
2460,বিশেষজ্ঞ
2461,বিশ্বব্যাপী
2462,বেড়েছে
2463,ব্যক্তিকে
2464,ব্রাজিলের
2465,ভরা
2466,ভালোবাসার
2467,মসজিদের
2468,মোঃ
2469,লাভের
2470,লিমিটেড
2471,শিল্পের
2472,সংঘর্ষে
2473,সার্ভিস
2474,সাহায্যে
2475,সুপ্রিম
2476,হাসপাতালের
2477,হাসিনার
2478,অনুমান
2479,অপারেশন
2480,আহবান
2481,ইউপি
2482,ইউরোপীয়
2483,ইতিবাচক
2484,ইরান
2485,উঠছে
2486,একক
2487,এসেছি
2488,ওয়া
2489,কখনই
2490,কার্যালয়
2491,গণতন্ত্র
2492,গোলাম
2493,ঘন্টার
2494,চন্দ্র
2495,চলচ্চিত্রের
2496,চালক
2497,জলবায়ু
2498,ডঃ
2499,ডান
2500,দশকে
2501,দাদা
2502,দেরি
2503,দোকানে
2504,নদীতে
2505,নির্মাতা
2506,প্রফেসর
2507,ফাউন্ডেশন
2508,ফুট
2509,বিচারক
2510,বিচারের
2511,বিনা
2512,বুকে
2513,বুঝি
2514,ভারী
2515,ভেসে
2516,মতামত
2517,ময়মনসিংহ
2518,মারাত্মক
2519,রোড
2520,লিঙ্গ
2521,স
2522,সেন্ট
2523,হয়েছিলো
2524,হলুদ
2525,অপরের
2526,অভিযানের
2527,আয়োজনে
2528,উত্তরে
2529,একটাই
2530,ওখানে
2531,ক
2532,করতেই
2533,কল্যাণ
2534,ঘোষিত
2535,চাও
2536,জঙ্গি
2537,টুইটার
2538,ট্রাক
2539,দাগ
2540,দিনাজপুর
2541,ধর্ষণের
2542,নিয়ন্ত্রণে
2543,নীচে
2544,পর্বে
2545,পশু
2546,পাঁচটি
2547,পুলিশকে
2548,প্রযুক্তির
2549,প্লিজ
2550,বলবো
2551,বাচ্চাদের
2552,বিধান
2553,বিরক্ত
2554,বেঁধে
2555,বৈধ
2556,মসজিদে
2557,মহিলার
2558,মুক্তিযুদ্ধের
2559,ম্যান
2560,রক্তের
2561,লাইভ
2562,লাইসেন্স
2563,লেগে
2564,শতাধিক
2565,শিরোনাম
2566,সম্পত্তি
2567,সিলেটের
2568,স্বাদ
2569,হব
2570,হোন
2571,অন্যায়
2572,অপমান
2573,অভিহিত
2574,আকার
2575,আকারে
2576,আনুষ্ঠানিক
2577,আসছেন
2578,ইবনে
2579,একমত
2580,কমপক্ষে
2581,কমিউনিটি
2582,করোনা
2583,কাউন্সিল
2584,কাকে
2585,কাগজ
2586,কাছেই
2587,কিসের
2588,কোরিয়া
2589,চলা
2590,চিকিৎসক
2591,জগতে
2592,দা
2593,দিবেন
2594,দিবো
2595,দিলো
2596,ধারনা
2597,নামাজ
2598,নায়ক
2599,নিন্দা
2600,পর্যবেক্ষণ
2601,পুরোনো
2602,প্রমাণিত
2603,প্রেমের
2604,বগুড়া
2605,বাজেট
2606,বাণিজ্যিক
2607,বিকেল
2608,বিনিময়
2609,ব্যক্তিদের
2610,ব্যাপারটা
2611,ভাগ্য
2612,মাদ্রাসা
2613,যন্ত্র
2614,রস
2615,রাষ্ট্রপতির
2616,লেগেছে
2617,শুধুই
2618,শূন্য
2619,সংঘটিত
2620,সংবাদপত্র
2621,সংরক্ষিত
2622,সচিব
2623,সমিতি
2624,সম্প্রচার
2625,সাহসী
2626,স্বল্প
2627,হ
2628,হলেই
2629,হারে
2630,5
2631,অনুসন্ধান
2632,অপহরণ
2633,উন্নয়নে
2634,উপদেষ্টা
2635,উল্লেখ্য
2636,উৎসবে
2637,একসময়
2638,একাদশ
2639,এড়িয়ে
2640,এসেছিল
2641,ওবামা
2642,ওয়ার্ড
2643,কংগ্রেসের
2644,করেননি
2645,কেবলমাত্র
2646,ক্লান্ত
2647,গন্ধ
2648,ঘন
2649,চাওয়া
2650,চালানোর
2651,চুক্তির
2652,চোর
2653,ছেলেরা
2654,তারাই
2655,তুরস্কের
2656,তেমনি
2657,দায়
2658,দুইটা
2659,দেখ
2660,দেখবেন
2661,নিউজিল্যান্ড
2662,নিবন্ধন
2663,পত্র
2664,পারছেন
2665,পুরাতন
2666,পুরুষদের
2667,প্রতিবেদনে
2668,প্রতিষ্ঠানে
2669,প্রবল
2670,প্রাইভেট
2671,বাকী
2672,বাবাকে
2673,বিপরীতে
2674,বিশ্বকাপে
2675,বিশ্লেষণ
2676,বৃহত্তম
2677,বৃহৎ
2678,বৌদ্ধ
2679,ভবিষ্যতে
2680,ভিসা
2681,মাস্টার
2682,মিলিয়ে
2683,মোটা
2684,রঙের
2685,রাখি
2686,রাম
2687,রিয়াল
2688,রেখেছেন
2689,রোহিঙ্গা
2690,সংকট
2691,সমর্থক
2692,সশস্ত্র
2693,সিং
2694,সুর
2695,সূচনা
2696,স্বপ্নের
2697,হও
2698,হেরে
2699,আদিবাসী
2700,আবদুল্লাহ
2701,আর্জেন্টিনা
2702,ঈশ্বর
2703,একদল
2704,এটাও
2705,এলে
2706,কথাটা
2707,কবির
2708,কর্মকর্তারা
2709,কারখানা
2710,চাঁদ
2711,জনক
2712,জী
2713,ট্রাম্প
2714,তুলনা
2715,থেমে
2716,দুরে
2717,দূরত্ব
2718,দেখাচ্ছে
2719,দেড়
2720,দেবো
2721,নোট
2722,পঞ্চম
2723,পালনের
2724,পাহাড়ের
2725,প্রকাশ্যে
2726,প্রদেশে
2727,ফেসবুকের
2728,বঞ্চিত
2729,বস
2730,বাসে
2731,বিজ্ঞপ্তি
2732,বিতর্কিত
2733,বোকা
2734,মিশন
2735,রোববার
2736,লাইফ
2737,শিক্ষার্থীরা
2738,শিরোপা
2739,সীমান্তে
2740,সুরক্ষা
2741,হবেনা
2742,হলাম
2743,৩টি
2744,অনেকগুলো
2745,অপরাধী
2746,আয়ের
2747,আস্থা
2748,ইংলিশ
2749,উড়িয়ে
2750,এক্ষেত্রে
2751,এখান
2752,ওভার
2753,কথার
2754,কফি
2755,কর্মরত
2756,কান
2757,কুরআন
2758,কোর্ট
2759,ক্যান্সার
2760,গঠনের
2761,গেলেও
2762,ঘণ্টার
2763,ছাত্রদের
2764,ছেলেকে
2765,জানাচ্ছি
2766,থাকবো
2767,দফা
2768,দিচ্ছি
2769,দুইটি
2770,দুর্ঘটনায়
2771,দেখছেন
2772,দেখো
2773,নকল
2774,নেতার
2775,পতন
2776,পরা
2777,পাতার
2778,পারেনা
2779,প্রতিরক্ষা
2780,ফ্লাইট
2781,বলব
2782,বালিকা
2783,বাস্তবতা
2784,বিজেপি
2785,বিস্তৃত
2786,বিস্ফোরণ
2787,বোনের
2788,ব্যাগ
2789,ভুয়া
2790,মেসেজ
2791,যতক্ষণ
2792,রহস্য
2793,রাজার
2794,শিক্ষিত
2795,শুয়ে
2796,শেষের
2797,সম্বন্ধে
2798,সম্মানিত
2799,সিনেমার
2800,সোশ্যাল
2801,p
2802,অর্জনের
2803,অর্থে
2804,আকর্ষণীয়
2805,আকাশে
2806,আজিজ
2807,আনোয়ার
2808,আফগান
2809,আমলে
2810,আমারে
2811,আসনে
2812,ইমরান
2813,উপায়ে
2814,একত্রিত
2815,কথিত
2816,কবর
2817,করছিলেন
2818,খায়
2819,গরু
2820,ঘোষ
2821,চলতি
2822,চাইছে
2823,চারপাশে
2824,জন্যও
2825,জে
2826,ঠিকই
2827,দাখিল
2828,দোষী
2829,পরিচিতি
2830,পরিস্থিতিতে
2831,পারছে
2832,পারেননি
2833,পাসপোর্ট
2834,পিতার
2835,প্রচারণা
2836,প্রমান
2837,বাড়াতে
2838,বিবিসি
2839,বোর্ডের
2840,ভাষণ
2841,মনোনীত
2842,মাইকেল
2843,মূল্যায়ন
2844,মৃত্যুদণ্ড
2845,যাচাই
2846,রাজ
2847,শৃঙ্খলা
2848,সারাদিন
2849,সেট
2850,সৌন্দর্য
2851,হায়
2852,all
2853,t
2854,this
2855,অত্যাচার
2856,আক্রমণের
2857,আনন্দের
2858,আবহাওয়া
2859,আসন্ন
2860,ইসলামি
2861,উদ্ধৃতি
2862,উদ্বেগ
2863,উপন্যাস
2864,কতো
2865,করাতে
2866,করিম
2867,কর্মকর্তাদের
2868,কলকাতায়
2869,খ
2870,গুণ
2871,চিন্তিত
2872,জনপ্রিয়তা
2873,টায়
2874,ঠান্ডা
2875,দুনিয়ার
2876,দেখানোর
2877,নেপাল
2878,পদ্ধতিতে
2879,পয়সা
2880,পরিদর্শন
2881,পরিবেশন
2882,পাকিস্তানি
2883,পাঠানোর
2884,প্রচেষ্টা
2885,প্রতিবেদক
2886,প্রসঙ্গে
2887,ফোনের
2888,বাঁচতে
2889,বাগান
2890,বিমানবন্দর
2891,বৃদ্ধ
2892,ব্লগার
2893,মুখ্যমন্ত্রী
2894,মেশিন
2895,ম্যাচের
2896,যায়না
2897,রবীন্দ্রনাথ
2898,রাশিয়ান
2899,সংসদীয়
2900,সঙ্গী
2901,সম্মুখীন
2902,সাইকেল
2903,সাজা
2904,সালমান
2905,সাহায্যের
2906,হোটেলে
2907,অতীত
2908,অবস্থানে
2909,অভিষেক
2910,ইতোমধ্যে
2911,উদ্বোধনী
2912,উনার
2913,একজনকে
2914,এটার
2915,কথাই
2916,কুকুরের
2917,গাজীপুর
2918,গিয়েছিলেন
2919,গুরু
2920,গেম
2921,জুতা
2922,জোড়া
2923,টন
2924,তদন্তের
2925,দাঁড়ায়
2926,দিও
2927,দিব
2928,ধরেই
2929,নাইট
2930,নাগরিকদের
2931,নাচ
2932,পররাষ্ট্র
2933,পশ্চিমবঙ্গের
2934,পাখির
2935,পুরানো
2936,প্রজন্মের
2937,প্রতিনিধিত্ব
2938,প্রতিষ্ঠার
2939,ফারুক
2940,বিকাশ
2941,বিপ্লবী
2942,বিষয়ের
2943,বৃষ্টির
2944,ব্লগ
2945,ভবনে
2946,ভালোই
2947,ভিডিওটি
2948,ভোটার
2949,মাওলানা
2950,মালয়েশিয়ার
2951,মূল্যবান
2952,যোগাযোগের
2953,শাখার
2954,শ্রম
2955,শ্রীলঙ্কা
2956,সকলে
2957,সমকামী
2958,সম্মাননা
2959,সম্রাট
2960,সুরক্ষিত
2961,সেখানেই
2962,সেলিম
2963,সোজা
2964,হাট
2965,৫টি
2966,more
2967,অতিথি
2968,অভাবে
2969,অভিযোগের
2970,অভ্যাস
2971,অস্থায়ী
2972,আজাদ
2973,ইঙ্গিত
2974,উঠবে
2975,উড়ে
2976,ওমর
2977,কক্সবাজার
2978,করেও
2979,কর্নেল
2980,কর্মীরা
2981,চলার
2982,ছাড়িয়ে
2983,ছাত্রলীগ
2984,জোরে
2985,দর্শক
2986,দর্শন
2987,দশক
2988,দায়িত্বে
2989,দুইজন
2990,দুর্নীতির
2991,দেশীয়
2992,নিয়োজিত
2993,নিলাম
2994,পড়লে
2995,পাক
2996,পাঠাতে
2997,পিস
2998,পুড়িয়ে
2999,প্রকৃতি
3000,প্রদেশ
3001,ফসল
3002,ফেলবে
3003,বঙ্গবন্ধুর
3004,বন্ধের
3005,বাড়ানোর
3006,বারের
3007,বিচারপতি
3008,বিরোধিতা
3009,ভয়ংকর
3010,ভরসা
3011,মালয়েশিয়া
3012,মীর
3013,যতটা
3014,রোগে
3015,লাইনে
3016,লাগানো
3017,শয়তান
3018,শ্রেণির
3019,সংবিধানের
3020,সমস্যায়
3021,সাংসদ
3022,সাথেই
3023,স্টেশনে
3024,স্তরে
3025,হইছে
3026,অবসর
3027,আইনি
3028,আগমন
3029,আজও
3030,আপডেট
3031,আলাপ
3032,আসামি
3033,ইউনাইটেড
3034,একুশে
3035,একেবারেই
3036,ওয়াশিংটন
3037,কবিতার
3038,কেউই
3039,কেনার
3040,ঘটবে
3041,ঘোষণার
3042,চিন্তার
3043,চৌধুরীর
3044,জন্মের
3045,দেয়নি
3046,পত্রিকায়
3047,পরিবেশে
3048,পানীয়
3049,পাবো
3050,ফাইল
3051,বয়সের
3052,বিরত
3053,বৈঠকে
3054,বোতল
3055,ব্যক্তিত্ব
3056,ব্যাথা
3057,ব্ল্যাক
3058,ভাবি
3059,মহাসচিব
3060,মৃত্যুতে
3061,যশোর
3062,যুগ
3063,রক্ষার
3064,রানী
3065,লন্ডনে
3066,লেনদেন
3067,শুনেছি
3068,সংগ্রহের
3069,সন্ত্রাস
3070,সন্ধ্যায়
3071,সফটওয়্যার
3072,সফরের
3073,সুখী
3074,সূরা
3075,সৈন্য
3076,স্টাফ
3077,সৎ
3078,হামিদ
3079,00টা
3080,me
3081,অধিকারী
3082,অর্থনীতির
3083,আগ
3084,আরবি
3085,ইউরোপের
3086,ইঞ্জিন
3087,উল
3088,উৎসবের
3089,একসঙ্গে
3090,এটির
3091,এমনই
3092,কমিশনার
3093,কয়লা
3094,গণহত্যা
3095,গানে
3096,ঘরোয়া
3097,জমির
3098,জানুয়ারী
3099,জামিন
3100,টাঙ্গাইল
3101,টুকরো
3102,ট্রাফিক
3103,ডাকে
3104,ত্রাণ
3105,তৎকালীন
3106,থাকত
3107,থেকো
3108,দিনটি
3109,দুনিয়া
3110,নির্দেশনা
3111,নিলে
3112,পরিসংখ্যান
3113,পিটার
3114,প্রচণ্ড
3115,প্রতিবেশী
3116,প্রার্থীদের
3117,বউ
3118,বলিউড
3119,বাঁধ
3120,বিভক্ত
3121,বিমানবন্দরে
3122,বিস্তার
3123,বৃহত্তর
3124,বেলায়
3125,বেসামরিক
3126,ভক্ত
3127,ভোগ
3128,মতই
3129,মাই
3130,মামা
3131,মাসিক
3132,রানা
3133,শব্দটি
3134,সড়কে
3135,সামগ্রী
3136,সার্চ
3137,সেসব
3138,হস্তান্তর
3139,হেঁটে
3140,হোম
3141,হোয়াইট
3142,২টি
3143,00000
3144,6
3145,india
3146,no
3147,অনেকদিন
3148,আমন্ত্রণ
3149,ইংল্যান্ডের
3150,ইউরোপ
3151,উত্তেজনা
3152,এরই
3153,ওবায়দুল
3154,ওরে
3155,কয়েকদিন
3156,করলেই
3157,কানাডার
3158,গানটি
3159,গো
3160,গোষ্ঠী
3161,ঘটতে
3162,চাপা
3163,ছাড়
3164,জমে
3165,জুটি
3166,টার
3167,তালিকাভুক্ত
3168,দশকের
3169,দিল্লি
3170,দেখছে
3171,দেখবে
3172,নারীকে
3173,নীতিমালা
3174,পরিমাণে
3175,পর্যালোচনা
3176,পাবার
3177,পাল্টা
3178,পুড়ে
3179,প্রশাসনের
3180,প্রিমিয়ার
3181,প্রেরণ
3182,ফিরতে
3183,ফেলার
3184,বহুল
3185,বিক্রির
3186,বিবেচিত
3187,বেশির
3188,বোঝার
3189,ব্যাপকভাবে
3190,ভর
3191,ভালোভাবে
3192,ভোর
3193,মঞ্চ
3194,মহানগর
3195,মোটেও
3196,যথাযথ
3197,যুক্তরাজ্য
3198,যেদিন
3199,রমজান
3200,রাজনীতিবিদ
3201,রাসায়নিক
3202,শরণার্থী
3203,শান্তির
3204,শিবির
3205,শ্রীলঙ্কার
3206,সংস্করণ
3207,সাল্লাল্লাহু
3208,সুলতান
3209,সূর্যের
3210,সোভিয়েত
3211,স্টেডিয়ামে
3212,৩য়
3213,অর্থের
3214,অসহায়
3215,আনুষ্ঠানিকভাবে
3216,ইউটিউব
3217,ইট
3218,ইন্ডিয়ান
3219,এখনি
3220,এফ
3221,এসেছিলেন
3222,ওপেন
3223,কথাগুলো
3224,কাছের
3225,কাজেই
3226,ক্যাপ্টেন
3227,গণতন্ত্রের
3228,গর্বিত
3229,চট্টগ্রামের
3230,চলো
3231,চামড়া
3232,জলের
3233,ঝামেলা
3234,ঠাকুর
3235,তিনিই
3236,থানায়
3237,দর্শকদের
3238,দাঁড়িয়েছে
3239,দিবসে
3240,দিবসের
3241,দ্বীপ
3242,নিশ্চয়
3243,নৌ
3244,পরই
3245,পর্যাপ্ত
3246,পাইলট
3247,প্রকাশনা
3248,প্রতিমন্ত্রী
3249,প্রথমবার
3250,প্রভাবশালী
3251,প্রশাসক
3252,ফায়ার
3253,ফুলের
3254,ফ্যাশন
3255,ফ্রান্সের
3256,বিকেলে
3257,বিদ্রোহী
3258,ব্যবধানে
3259,ভবিষ্যত
3260,ভাইস
3261,মন্দ
3262,মিলিত
3263,যাত্রীদের
3264,যেনো
3265,রবার্ট
3266,লিপ্ত
3267,শর্ত
3268,শুনুন
3269,সকলকে
3270,সাক্ষী
3271,সিগারেট
3272,সীমিত
3273,সৃষ্ট
3274,স্বাগতম
3275,হার্ট
3276,de
3277,it
3278,l
3279,my
3280,অপরাধে
3281,অবিশ্বাস্য
3282,আগুনে
3283,আফগানিস্তান
3284,আবেগ
3285,ইউনিভার্সিটি
3286,ইয়াবা
3287,এতদিন
3288,ওঠা
3289,করিনি
3290,কর্মকর্তার
3291,কর্মচারী
3292,কর্মসূচী
3293,কাজটি
3294,কোর্টের
3295,ক্যাম্প
3296,ক্রিকেটের
3297,ক্ষোভ
3298,খবরে
3299,খাতে
3300,খুজে
3301,ঘুষ
3302,চর্চা
3303,ডলারের
3304,ডাঃ
3305,তারপরও
3306,তোদের
3307,দাঁত
3308,দায়ের
3309,দিল্লির
3310,ধারার
3311,নামিয়ে
3312,নো
3313,নোংরা
3314,পরিমান
3315,পাড়ি
3316,পারমাণবিক
3317,পূর্বের
3318,পেল
3319,প্রতিটা
3320,বললো
3321,বাংলাদেশকে
3322,বাণী
3323,বিপরীত
3324,বিমানের
3325,বেন
3326,ভোটে
3327,মঞ্চে
3328,মাননীয়
3329,মেয়াদ
3330,মৌসুমে
3331,শ
3332,শরীফ
3333,শান্তিতে
3334,সংগঠিত
3335,সম্মিলিত
3336,সিরিয়ায়
3337,সুখ
3338,স্যাটেলাইট
3339,হারিয়েছে
3340,bangladesh
3341,অনন্য
3342,অনুগ্রহ
3343,আফগানিস্তানের
3344,আবাসিক
3345,আমদানি
3346,আশঙ্কা
3347,আশায়
3348,উচ্চারণ
3349,উপদেশ
3350,উৎসাহ
3351,এনেছে
3352,ওপরে
3353,ঔষধ
3354,কড়া
3355,কয়েকটা
3356,কিং
3357,কৃষকদের
3358,গর্ব
3359,চাঁদপুর
3360,চালাচ্ছে
3361,ছুটির
3362,জগতের
3363,জাল
3364,জীবনকে
3365,তারপরে
3366,থাকছে
3367,থাকুক
3368,দশম
3369,দীর্ঘদিন
3370,দের
3371,দ্বীপে
3372,ধাপ
3373,পড়ি
3374,পরমাণু
3375,পরিশ্রম
3376,পাকিস্তানী
3377,পাচার
3378,প্রার্থীর
3379,ফখরুল
3380,বড়ো
3381,বন্দি
3382,বাড়তি
3383,বাড়তে
3384,বাসের
3385,বিক্রয়
3386,ভবিষ্যতের
3387,ভাবছি
3388,মঙ্গল
3389,মার্ক
3390,মুহূর্ত
3391,মেলে
3392,যতই
3393,রয়ে
3394,রোজা
3395,শাসনের
3396,সংশোধন
3397,সিরিয়ার
3398,স্মার্ট
3399,হু
3400,d
3401,অঙ্গ
3402,অলিম্পিকে
3403,আপিল
3404,আম
3405,ইউসুফ
3406,ইকবাল
3407,এইবার
3408,এখানেই
3409,এমনটা
3410,এয়ার
3411,করাই
3412,কলা
3413,কানে
3414,কালের
3415,কেড়ে
3416,কেনা
3417,ক্রিকেটে
3418,গ্যাসের
3419,গ্রেট
3420,ঘটেছিল
3421,ঘনিষ্ঠ
3422,ঘুমিয়ে
3423,চক্রবর্তী
3424,চার্জ
3425,জান
3426,জামায়াত
3427,জ্যাক
3428,ডা
3429,দেবতা
3430,দেবী
3431,দেয়াল
3432,নাটকের
3433,নিয়েছি
3434,নিয়েছিল
3435,নিযুক্ত
3436,নূর
3437,পরিস্থিতির
3438,পশ্চিমা
3439,পাবনা
3440,প্রদর্শিত
3441,বন্দ্যোপাধ্যায়
3442,বয়স্ক
3443,বলেছিল
3444,বাসার
3445,বিদ্রোহ
3446,বিশেষভাবে
3447,বৈশিষ্ট্য
3448,ব্যবসায়
3449,ভাইরাস
3450,ভ্যান
3451,মানচিত্র
3452,মানা
3453,মারার
3454,মিয়ানমারের
3455,মুগ্ধ
3456,মোকাবেলা
3457,যুগের
3458,রপ্তানি
3459,রুম
3460,রোগীর
3461,লক্ষণ
3462,লোককে
3463,শিখতে
3464,শিরোনামে
3465,শীর্ষে
3466,শুনানি
3467,সংকেত
3468,সবগুলো
3469,সহায়তায়
3470,সাকিব
3471,সীমা
3472,সীমাবদ্ধ
3473,স্বরাষ্ট্র
3474,স্বর্ণ
3475,স্বেচ্ছাসেবক
3476,হতেই
3477,y
3478,অংশের
3479,অবলম্বন
3480,অভ্যন্তরীণ
3481,অস্বাভাবিক
3482,আজকাল
3483,আধা
3484,আনবে
3485,আব্বাস
3486,আমরাও
3487,উত্তীর্ণ
3488,এগুলোর
3489,ওসি
3490,করেনা
3491,কার্যকরী
3492,কার্যালয়ে
3493,কালে
3494,কৃষ্ণ
3495,গবেষক
3496,গবেষণায়
3497,গিয়েছিলাম
3498,চাচ্ছে
3499,চেয়েছিলেন
3500,ছায়া
3501,জানো
3502,জাপানি
3503,ট্রেনে
3504,ড্রোন
3505,দিয়া
3506,দৃঢ়
3507,দেখিনি
3508,দেখেছে
3509,ধরেন
3510,নমুনা
3511,নাক
3512,নারায়ণগঞ্জ
3513,নিঃসন্দেহে
3514,পণ্যের
3515,পথের
3516,পালা
3517,পেশা
3518,প্রত্যাখ্যান
3519,প্রবন্ধ
3520,প্রয়োজনে
3521,ফরাসি
3522,ফিল্ম
3523,বরাবর
3524,বাড়ী
3525,বাধ্যতামূলক
3526,বিপদে
3527,বিবাহিত
3528,ব্যাবহার
3529,মায়া
3530,মুভি
3531,মোস্তফা
3532,যন্ত্রণা
3533,যাইহোক
3534,যেমনটা
3535,লাগলো
3536,শিশুকে
3537,সড়কের
3538,সাংগঠনিক
3539,সার
3540,সিরিজে
3541,সেন
3542,সৈনিক
3543,স্ত্রীকে
3544,স্পোর্টস
3545,স্মরণে
3546,৬টি
3547,b
3548,be
3549,world
3550,অনুপ্রাণিত
3551,অনুশীলন
3552,আনে
3553,আলাইহি
3554,আসছি
3555,আসেনি
3556,একাই
3557,এসময়
3558,ওটা
3559,কেও
3560,গণ
3561,গলায়
3562,গোটা
3563,গোসল
3564,চরিত্রে
3565,চাইবে
3566,ছুটে
3567,ছেলেদের
3568,জরিপ
3569,ঝগড়া
3570,টিকিট
3571,ট্রেনের
3572,ডটকম
3573,তবু
3574,তোরা
3575,দুপুরে
3576,দ্বীপের
3577,নরম
3578,নিয়ন্ত্রিত
3579,নিষেধ
3580,পৌরসভা
3581,প্রকল্পে
3582,প্রেমিক
3583,বিদেশ
3584,বিষ
3585,বৈশ্বিক
3586,ব্যাটিং
3587,ভীষণ
3588,মাসুদ
3589,মুদ্রা
3590,মেয়েটি
3591,রাঃ
3592,লাগল
3593,ষড়যন্ত্র
3594,সংগীত
3595,সকালের
3596,সমর্থনে
3597,সমর্থিত
3598,সম্মেলনের
3599,সর্বদা
3600,সাফল্যের
3601,সিংহ
3602,স্পেশাল
3603,হিরো
3604,com
3605,https
3606,অংশগ্রহণকারী
3607,অভিবাসী
3608,অর্থমন্ত্রী
3609,আপন
3610,উপলক্ষ্যে
3611,একাউন্ট
3612,কথাও
3613,কানাডা
3614,ক্ষতিকর
3615,ঘুমাতে
3616,চট্টগ্রামে
3617,চাচা
3618,চীনে
3619,চেয়েছে
3620,জাফর
3621,টার্গেট
3622,টেবিল
3623,ঠেলে
3624,ধান
3625,নকশা
3626,নগরীর
3627,পড়াশোনা
3628,পদের
3629,পদ্মা
3630,পাইনি
3631,পারিনা
3632,পূর্ণাঙ্গ
3633,পেট
3634,পৌরসভার
3635,প্রজাতির
3636,প্রদত্ত
3637,প্রযোজ্য
3638,ফের
3639,বটে
3640,বন্দুক
3641,বন্ধন
3642,বিশ
3643,বেল
3644,বেসরকারী
3645,বৈজ্ঞানিক
3646,ভালোবাসে
3647,ম
3648,মধ্যকার
3649,মানুষেরা
3650,মিথ্যে
3651,মুহাম্মাদ
3652,ম্যানেজার
3653,যাচ্ছিল
3654,রকমের
3655,রাইট
3656,রাজকীয়
3657,সই
3658,সন্তানদের
3659,সমাপ্ত
3660,সাইবার
3661,সুষ্ঠু
3662,সেকেন্ড
3663,সেখানকার
3664,স্থাপনা
3665,স্বার্থে
3666,হাল
3667,হিন্দি
3668,৪টি
3669,অংশগ্রহণের
3670,অন্ধ
3671,অন্যরকম
3672,অবসান
3673,আরেকটা
3674,আর্জেন্টিনার
3675,আসামী
3676,এইভাবে
3677,কতদিন
3678,কাটাতে
3679,কান্না
3680,ক্ষতির
3681,ঘুরতে
3682,ঘোষনা
3683,চার্লস
3684,চেপে
3685,জনসংখ্যা
3686,জলে
3687,জানলে
3688,টান
3689,তলা
3690,তাপমাত্রা
3691,তারাও
3692,তীরে
3693,দিকের
3694,দেখান
3695,নর্থ
3696,নিয়েও
3697,নিশ্চয়তা
3698,পরিশোধ
3699,পশ্চিমবঙ্গ
3700,পাড়া
3701,পাপ
3702,পারত
3703,পারতাম
3704,পুরষ্কার
3705,প্রজন্ম
3706,প্রশাসনিক
3707,প্রস্তাবিত
3708,বক্তৃতা
3709,বস্তু
3710,বাজারের
3711,বাড়বে
3712,বাস্তবে
3713,বিবরণ
3714,বিলুপ্ত
3715,বিশেষত
3716,বোঝাতে
3717,ব্যবহারে
3718,ব্রিজ
3719,মৃতদেহ
3720,মেইল
3721,যখনই
3722,যথাক্রমে
3723,রবি
3724,রোগী
3725,শে
3726,সকলেই
3727,সম্পদের
3728,সহিংসতা
3729,সাক্ষ্য
3730,সাব
3731,সীমানা
3732,সেবার
3733,স্থাপনের
3734,স্প্যানিশ
3735,হাইকোর্ট
3736,7
3737,are
3738,love
3739,অজ্ঞাত
3740,অনুদান
3741,অশ্লীল
3742,অস্কার
3743,আঁকা
3744,ইউনিয়নে
3745,উপযোগী
3746,এড
3747,ওনার
3748,করানো
3749,কর্মসূচির
3750,কিছুক্ষণ
3751,কিম
3752,কো
3753,কোর্স
3754,ক্ষমতাসীন
3755,খুঁজতে
3756,গবেষণার
3757,টেস্টে
3758,ট্রেনিং
3759,তত
3760,তাইলে
3761,তাজা
3762,থাকতো
3763,দেহের
3764,ধার
3765,নেট
3766,নেতিবাচক
3767,পদ্ধতির
3768,পরিবর্তিত
3769,পারতো
3770,পেজ
3771,প্রথা
3772,প্রবেশের
3773,প্রান্তে
3774,ফার্স্ট
3775,বাতাসে
3776,বানানোর
3777,বিধ্বস্ত
3778,বুকের
3779,বেচে
3780,ব্যবসার
3781,ব্যাটসম্যান
3782,ভালই
3783,মজুমদার
3784,মধু
3785,মমতা
3786,মিশরের
3787,রক্ষায়
3788,রুমে
3789,রূপে
3790,লড়াইয়ে
3791,সময়ই
3792,সরল
3793,সেক্রেটারি
3794,স্থানান্তর
3795,হাওয়া
3796,১টি
3797,that
3798,অন্ধকারে
3799,আকবর
3800,আকাশের
3801,আনন্দিত
3802,আব্দুল্লাহ
3803,আমেরিকায়
3804,আর্মি
3805,আসবেন
3806,ইনস্টিটিউট
3807,ইস্যু
3808,ইহুদি
3809,উত্তেজিত
3810,উৎসাহিত
3811,কাঁচা
3812,কাটিয়ে
3813,কাম
3814,কিন্ত
3815,কুষ্টিয়া
3816,চলচ্চিত্রে
3817,চারজন
3818,ছুড়ে
3819,জনতার
3820,জনসংখ্যার
3821,টিভিতে
3822,তলায়
3823,তারপরেও
3824,ত্বকের
3825,দখলে
3826,দাবীতে
3827,দৃষ্টিতে
3828,ধারায়
3829,নিক্ষেপ
3830,নিবে
3831,পাল
3832,প্রতারণা
3833,বইটি
3834,বরফ
3835,বিকাল
3836,বিজনেস
3837,বিপ্লবের
3838,বিশ্বাসের
3839,বুঝলাম
3840,বুদ্ধি
3841,বুলেট
3842,বৈদেশিক
3843,ব্যবসায়ীদের
3844,ব্যাট
3845,ব্র্যান্ড
3846,ভাবা
3847,ভাবেই
3848,মন্ত্রীর
3849,মাঝখানে
3850,মাফ
3851,মৃত্যুবরণ
3852,মোড়
3853,রাত্রি
3854,রিপোর্টার
3855,লোকে
3856,শিশুরা
3857,সংখ্যালঘু
3858,সমন্বয়
3859,সমাপ্তি
3860,সম্পৃক্ত
3861,সরঞ্জাম
3862,সাঈদ
3863,সাধন
3864,সাময়িক
3865,সাহিত্যের
3866,সিঙ্গাপুর
3867,সিরিয়া
3868,হস্তক্ষেপ
3869,হারানো
3870,"000,000"
3871,অবশিষ্ট
3872,আক্তার
3873,আজব
3874,আত্মীয়
3875,ইনিংস
3876,ইয়া
3877,উইলিয়াম
3878,উত্তোলন
3879,উপকরণ
3880,এমনি
3881,এশিয়ান
3882,কমিউনিস্ট
3883,কষ্টের
3884,কেক
3885,কোথা
3886,খুনি
3887,গণমাধ্যম
3888,গাড়ী
3889,গুলিতে
3890,চায়না
3891,চালিত
3892,ছাত্রীদের
3893,জন্মগ্রহণ
3894,জীবন্ত
3895,টিভির
3896,ডন
3897,ডাটা
3898,ডিগ্রী
3899,ঢেকে
3900,দুর
3901,দুর্ঘটনার
3902,দুর্দান্ত
3903,দুর্যোগ
3904,নিজেও
3905,নির্মম
3906,নিহতের
3907,পড়েছিল
3908,পতনের
3909,পরিবেশের
3910,পল
3911,পায়নি
3912,পারা
3913,পেরিয়ে
3914,প্রকৌশলী
3915,প্রক্রিয়ায়
3916,প্রতিদিনের
3917,প্রতিষ্ঠানটি
3918,ফি
3919,ব
3920,বক্স
3921,বরখাস্ত
3922,বরণ
3923,বর্জ্য
3924,বাঘ
3925,বার্ষিকী
3926,বিজ্ঞানী
3927,বিল্ডিং
3928,বীজ
3929,ব্লু
3930,ভাইকে
3931,ভি
3932,মানববন্ধন
3933,মিলন
3934,মিশে
3935,মুসলিমদের
3936,মেডিক্যাল
3937,রাষ্ট্রদূত
3938,সংঘর্ষের
3939,সমুদ্রের
3940,সাপ্তাহিক
3941,সিটির
3942,স্থির
3943,হারানোর
3944,হ্যারি
3945,as
3946,অধ্যায়
3947,অফিসিয়াল
3948,অষ্টম
3949,আওয়ামীলীগ
3950,আফগানিস্তানে
3951,আরোপ
3952,ইন্দোনেশিয়ার
3953,উপলব্ধি
3954,কতটুকু
3955,কমাতে
3956,কাউন্সিলের
3957,কালকে
3958,খেলনা
3959,গরীব
3960,গরুর
3961,গুজব
3962,চাকরির
3963,চালান
3964,চুলের
3965,জানতাম
3966,জাহাজের
3967,জিয়াকে
3968,ড্রাইভার
3969,তথ্যের
3970,তহবিল
3971,তীর
3972,দৃশ্যমান
3973,নিম্ন
3974,পড়ল
3975,পরপরই
3976,পাঠক
3977,পাননি
3978,পেশ
3979,প্রক্রিয়ার
3980,প্রখ্যাত
3981,প্রয়াত
3982,প্রেক্ষিতে
3983,ফুটবলের
3984,বাদে
3985,বিভাগীয়
3986,বিরল
3987,বেঙ্গল
3988,বোলিং
3989,ব্যাক্তি
3990,ভাঙ্গা
3991,ভাবছে
3992,মন্দিরে
3993,মহিলারা
3994,মানেই
3995,মূল্যের
3996,যাওয়ায়
3997,লেখেন
3998,শুনি
3999,ষষ্ঠ
4000,সন্তুষ্ট
4001,সফলতা
4002,সমাধানের
4003,সস্তা
4004,সহায়ক
4005,সাউথ
4006,সাজানো
4007,সিভিল
4008,সুপারিশ
4009,সেন্ট্রাল
4010,স্টেট
4011,read
4012,অগ্রগতি
4013,অল
4014,অস্থির
4015,আজীবন
4016,আনন্দে
4017,উত্তরের
4018,উন্মোচন
4019,এতটা
4020,এরশাদ
4021,করেছিলো
4022,কর্মচারীদের
4023,কাঠামো
4024,কৃত্রিম
4025,কোনটা
4026,ক্ষুব্ধ
4027,গোপনে
4028,চড়ে
4029,ছাড়তে
4030,জঙ্গল
4031,জবাবে
4032,জমিতে
4033,জানালেন
4034,জাপানে
4035,জামাত
4036,জিনিষ
4037,টাওয়ার
4038,ডাকাতি
4039,তারই
4040,থাকো
4041,নম্বরে
4042,নিরাপদে
4043,নীতির
4044,নে
4045,নোয়াখালী
4046,পরিকল্পনার
4047,পরিপূর্ণ
4048,পাঠান
4049,পাতায়
4050,পেটে
4051,পেলেন
4052,প্রত্যাশা
4053,ফেনী
4054,বন্ধুত্ব
4055,বর্জন
4056,বানাতে
4057,বিগ
4058,বিচারে
4059,বিছানায়
4060,ব্রাহ্মণবাড়িয়া
4061,ভাইয়া
4062,ভালবাসার
4063,মরদেহ
4064,মিডিয়ায়
4065,মুক্তিযোদ্ধাদের
4066,যুক্তরাজ্যের
4067,রোজ
4068,লামা
4069,শিক্ষকদের
4070,সংসার
4071,সর্ববৃহৎ
4072,সামুদ্রিক
4073,হাদিস
4074,হিসেব
4075,হেনরি
4076,bengali
4077,e
4078,s
4079,অফার
4080,আদায়ের
4081,আয়াত
4082,আসলাম
4083,ইঞ্চি
4084,এইতো
4085,একর
4086,এক্স
4087,এমনভাবে
4088,ওয়ানডে
4089,ওহ
4090,কাউন্সিলর
4091,কূটনৈতিক
4092,কৃতিত্ব
4093,গ্লোবাল
4094,চরিত্রের
4095,জাকির
4096,জাতিগত
4097,জানানোর
4098,জিয়াউর
4099,জো
4100,জ্বালানি
4101,টিকেট
4102,ঠাণ্ডা
4103,ডোনাল্ড
4104,ড্র
4105,তখনও
4106,তুমিও
4107,থাকব
4108,দখলের
4109,দৈনন্দিন
4110,নগ্ন
4111,নরেন্দ্র
4112,নাগরিকত্ব
4113,পরম
4114,পরিষেবা
4115,পর্যটক
4116,প্রচারের
4117,প্রজেক্ট
4118,ফটো
4119,বহাল
4120,বাচ্চার
4121,বিবৃতি
4122,বিষয়টা
4123,বেকার
4124,ব্যাংকে
4125,ভয়ানক
4126,ভাত
4127,ভাবছেন
4128,ভূমিকায়
4129,ভ্রমণের
4130,মানতে
4131,মানি
4132,মারতে
4133,মুখপাত্র
4134,মুম্বাই
4135,মেক্সিকো
4136,ম্যাগাজিন
4137,রাজস্ব
4138,রাসূল
4139,লঙ্ঘন
4140,লীগে
4141,শান্তিপূর্ণ
4142,শ্রেণী
4143,সংলগ্ন
4144,সমূহ
4145,সম্পাদনা
4146,সারাদেশে
4147,সেল
4148,সোনালী
4149,স্পেনের
4150,হাউজ
4151,হাদীস
4152,like
4153,online
4154,অমর
4155,অ্যাওয়ার্ড
4156,আঙ্গুল
4157,আড্ডা
4158,আপত্তি
4159,আর্ট
4160,আশার
4161,উঠল
4162,উল্টো
4163,কমানোর
4164,কর্মকাণ্ড
4165,কাটার
4166,কোরআন
4167,ক্রয়
4168,ক্ষেত্র
4169,গতিতে
4170,ঘাটতি
4171,ঘুমের
4172,চল
4173,চেনা
4174,চ্যানেলে
4175,ছাই
4176,জনগণকে
4177,জিন
4178,তারিখের
4179,তালা
4180,তুলেছে
4181,ত্রিপুরা
4182,দাফন
4183,দেখাবে
4184,ধরুন
4185,নিজেরাই
4186,নিয়েছিলেন
4187,নিল
4188,পরিচালনায়
4189,পরিস্কার
4190,পাঠিয়েছে
4191,পুরস্কারের
4192,প্রত্যক্ষ
4193,প্রত্যেকটি
4194,ফরিদপুর
4195,ফুটে
4196,ফোরাম
4197,বন্দরে
4198,বন্ধুকে
4199,বিপজ্জনক
4200,ব্যবহারকারী
4201,ব্যাংকিং
4202,ভীত
4203,ময়লা
4204,মহা
4205,মেলায়
4206,রাসেল
4207,রিভিউ
4208,লাথি
4209,শার্ট
4210,শিবিরের
4211,শুটিং
4212,সংবাদের
4213,সংস্কারের
4214,সনাক্ত
4215,সম্মত
4216,সর্বাধিক
4217,সাক্ষাৎকার
4218,সার্টিফিকেট
4219,স্নাতক
4220,স্বতন্ত্র
4221,স্বার্থ
4222,স্মার্টফোন
4223,হাঁটতে
4224,হাজারো
4225,৭টি
4226,অন্তর
4227,আঃ
4228,আত্মা
4229,আশরাফ
4230,আশেপাশের
4231,ইঞ্জিনিয়ারিং
4232,ইব্রাহিম
4233,ইরানি
4234,ঈদুল
4235,উ
4236,একত্রে
4237,এজেন্ট
4238,ঐক্য
4239,কয়েকবার
4240,কর্পোরেশনের
4241,কর্মশালা
4242,কাঠের
4243,কারাগার
4244,ক্লাসে
4245,ক্ষেত্রেই
4246,খাল
4247,খোলার
4248,গড়
4249,গণনা
4250,গা
4251,গাজী
4252,গ্রহণযোগ্য
4253,চলাকালীন
4254,চাপে
4255,চার্চ
4256,চুরির
4257,জগৎ
4258,জানালা
4259,জামাল
4260,জিততে
4261,তর্ক
4262,তামিল
4263,দত্ত
4264,দৌড়ে
4265,নগরী
4266,নিউইয়র্ক
4267,নেত্রী
4268,পররাষ্ট্রমন্ত্রী
4269,পরিচালনার
4270,পর্যটকদের
4271,পলাতক
4272,পশ্চিমে
4273,পেশাদার
4274,প্যারিস
4275,প্রতিরোধে
4276,প্রতিশোধ
4277,প্রোফাইল
4278,ফেব্রুয়ারী
4279,বলিউডের
4280,বাদশাহ
4281,বিজিবি
4282,ব্যক্ত
4283,ব্যবস্থায়
4284,ভগবান
4285,ভদ্র
4286,ভাগে
4287,ভূমিকম্প
4288,মতন
4289,মিনার
4290,মিশ্র
4291,মুহুর্তে
4292,মেধাবী
4293,যন্ত্রপাতি
4294,রাখ
4295,রাখছে
4296,রাখো
4297,রাজধানীতে
4298,রোধ
4299,লাইট
4300,লালন
4301,শনাক্ত
4302,শাসিত
4303,শুরুতেই
4304,শোনার
4305,সচেতনতা
4306,সভাপতির
4307,সমাবেশে
4308,সর্ব
4309,সাপ
4310,স্বরাষ্ট্রমন্ত্রী
4311,স্লোগান
4312,হাউস
4313,হেক্টর
4314,হ্রাস
4315,অনুবাদক
4316,অন্যকে
4317,অলিম্পিকের
4318,অ্যাকাউন্ট
4319,অ্যাপ
4320,আঘাতে
4321,আড়ালে
4322,আতঙ্ক
4323,আত্মঘাতী
4324,আন্তরিক
4325,আপনিও
4326,আলু
4327,আসাদ
4328,আসিফ
4329,ইনিংসে
4330,উদ্যোক্তা
4331,উন্নতির
4332,উপকার
4333,ঐক্যবদ্ধ
4334,ওঠার
4335,কর্মসংস্থান
4336,কৃতজ্ঞতা
4337,কোম্পানী
4338,ক্যাম্পাস
4339,ক্ষুধা
4340,খসড়া
4341,খোঁজে
4342,গার্ড
4343,গুড
4344,গোত্রের
4345,গোষ্ঠীর
4346,চাইনিজ
4347,ছিনিয়ে
4348,ছোটো
4349,জ
4350,জঙ্গলে
4351,জামায়াতের
4352,জ্ঞানের
4353,ডেইলি
4354,দলটির
4355,দুঃখের
4356,দ্বিগুণ
4357,ধরিয়ে
4358,নজরে
4359,নাহ
4360,নিয়োগের
4361,পার্কে
4362,পাশেই
4363,পিস্তল
4364,পেরেছি
4365,প্রকৃতপক্ষে
4366,প্রচন্ড
4367,প্রতিবছর
4368,প্রতিভা
4369,বরাদ্দ
4370,বসন্ত
4371,বাপ
4372,ব্যাপী
4373,মার্চের
4374,মুজিব
4375,মেট্রো
4376,যৌনতা
4377,রইল
4378,রাউন্ড
4379,রোগীদের
4380,লন্ডনের
4381,লর্ড
4382,লস
4383,লিংক
4384,লিগ
4385,লুইস
4386,শাকিব
4387,শিক্ষকের
4388,সদ্য
4389,সবসময়ই
4390,সিনেমায়
4391,সুনামগঞ্জ
4392,সুবিধার
4393,সূচক
4394,সেটাও
4395,স্ট্রিট
4396,স্বপ্নে
4397,হইতে
4398,হিট
4399,হুমকির
4400,হ্যাক
4401,0
4402,life
4403,অতীতে
4404,অধিদপ্তর
4405,অন্যরা
4406,অবিলম্বে
4407,আকারের
4408,আত্মার
4409,আধিপত্য
4410,আরিফ
4411,ইউরো
4412,ইন্দোনেশিয়া
4413,ইরাক
4414,উদ্দেশে
4415,উদ্বিগ্ন
4416,উপেক্ষা
4417,করাটা
4418,কার্যক্রমের
4419,কিছুতেই
4420,কোনদিন
4421,গড়ার
4422,গুলোর
4423,গেট
4424,গ্রাহক
4425,চেয়েছিল
4426,জনগোষ্ঠীর
4427,জব্দ
4428,জার্মানি
4429,জিজ্ঞাসাবাদ
4430,জুনিয়র
4431,জোটের
4432,টাইপ
4433,ডিসেম্বরে
4434,ডেপুটি
4435,ডেভেলপমেন্ট
4436,ঢুকতে
4437,তরুণী
4438,তেলের
4439,থামাতে
4440,দাঁড়
4441,দূতাবাস
4442,ধরেছে
4443,ধানের
4444,ধ্বংসের
4445,নেবেন
4446,নৈতিক
4447,পড়েছেন
4448,পরাজয়
4449,পাও
4450,পাকা
4451,পারতেন
4452,পিছনের
4453,পুতুল
4454,পৃষ্ঠা
4455,পেরেছে
4456,পোষ্ট
4457,প্রথমত
4458,প্রশান্ত
4459,ফিফা
4460,ফিলিস্তিনি
4461,বসতে
4462,বাঁচাও
4463,বাচ্চারা
4464,বালক
4465,বিজয়ের
4466,বিশ্বজুড়ে
4467,বিষয়গুলো
4468,ভাতা
4469,মাংসের
4470,মাঠের
4471,মাদ্রাসার
4472,মিশরীয়
4473,মোটামুটি
4474,যাপন
4475,যুবরাজ
4476,রক্তে
4477,রাণী
4478,রেডি
4479,লোকটি
4480,শর্মা
4481,শিক্ষার্থীর
4482,শিয়া
4483,শ্রেণি
4484,সংখ্যায়
4485,সংখ্যার
4486,সময়টা
4487,সমর্থকদের
4488,সাংবাদিকতা
4489,সাইটে
4490,সিদ্ধান্তের
4491,সুনির্দিষ্ট
4492,স্থানের
4493,স্বচ্ছ
4494,হতাশা
4495,হবো
4496,হাতি
4497,হুমায়ুন
4498,অংশীদার
4499,অদৃশ্য
4500,অপরাধীদের
4501,অ্যাপ্লিকেশন
4502,আগত
4503,আটকা
4504,আত্মসমর্পণ
4505,আপাতত
4506,আয়োজনের
4507,আরবে
4508,আরেকজন
4509,উইন্ডোজ
4510,উচ্ছেদ
4511,উদ্ভাবন
4512,একইভাবে
4513,এক্সপ্রেস
4514,এপ্রিলে
4515,এলাম
4516,এসোসিয়েশন
4517,ওয়াল
4518,কক্ষে
4519,কন্ট্রোল
4520,খনি
4521,খবরের
4522,গভর্নর
4523,চুমু
4524,ছয়টি
4525,জার্মানির
4526,টের
4527,ট্রাম্পের
4528,ঢুকিয়ে
4529,তুর্কি
4530,দুঃখিত
4531,দৃষ্টিভঙ্গি
4532,নীরব
4533,নুরুল
4534,পর্বের
4535,পাট
4536,পাহাড়ে
4537,পেয়েছিল
4538,পোস্টার
4539,প্রবণতা
4540,প্রবীণ
4541,ফেল
4542,ফেলো
4543,বললেই
4544,বুঝবে
4545,ব্যাক
4546,মাঝামাঝি
4547,মাত্রার
4548,মিছিলে
4549,মিটিং
4550,মিডিয়ার
4551,মিত্র
4552,মিয়ানমার
4553,মুক্তিযুদ্ধ
4554,মেসি
4555,মোটর
4556,যোদ্ধা
4557,রকেট
4558,রান্নার
4559,রাসূলুল্লাহ
4560,রুটি
4561,লেক
4562,শাড়ি
4563,শামীম
4564,শ্রমিকরা
4565,সঠিকভাবে
4566,সন্তানকে
4567,সবকিছুই
4568,সাম্প্রদায়িক
4569,সিদ্ধান্তে
4570,স্পেন
4571,স্বরূপ
4572,হত্যাকাণ্ডের
4573,হ্যালো
4574,অপরকে
4575,অপসারণ
4576,অবস্থানের
4577,অভিশাপ
4578,অসুবিধা
4579,অস্ত্রের
4580,অামি
4581,অ্যাকশন
4582,আগুনের
4583,আসর
4584,আহ
4585,ইংরেজিতে
4586,ইতালির
4587,ইন্টারনেটে
4588,উষ্ণ
4589,একাডেমি
4590,একের
4591,এখনকার
4592,কমার্স
4593,কলম
4594,কাঠ
4595,কাতার
4596,কাশ্মীর
4597,কৌতুক
4598,ক্রস
4599,ক্ষতিপূরণ
4600,গাছে
4601,গুপ্ত
4602,গেমস
4603,চালিয়েছে
4604,ছাড়ার
4605,ছাদে
4606,ছিলনা
4607,জটিলতা
4608,জনগনের
4609,জামায়াতে
4610,জোরদার
4611,টেলিভিশনের
4612,ডাক্তারের
4613,ডিরেক্টর
4614,দাঁড়াতে
4615,দিতেন
4616,দুজনের
4617,দেশব্যাপী
4618,দোকানের
4619,নগদ
4620,নিয়ন্ত্রণের
4621,নির্মাণে
4622,নিষ্ঠুর
4623,পকেটে
4624,পরতে
4625,পাউন্ড
4626,পাথরের
4627,পেশায়
4628,প্রচারণায়
4629,ফিট
4630,ফেটে
4631,বনে
4632,বাহিরে
4633,বিধানসভা
4634,বিশ্বস্ত
4635,বিষয়বস্তু
4636,বুঝিয়ে
4637,ব্যান্ড
4638,মতবিনিময়
4639,মারিয়া
4640,যানবাহন
4641,রাতেই
4642,রাহুল
4643,রুবেল
4644,লাঠি
4645,লিটন
4646,লে
4647,শতকের
4648,সাঁতার
4649,সাগরের
4650,সারি
4651,সিদ্দিকী
4652,সেঞ্চুরি
4653,সেটার
4654,স্টিভ
4655,স্বাক্ষরিত
4656,হংকং
4657,হকের
4658,হয়েই
4659,হাতিয়ার
4660,হারায়
4661,00জন
4662,অটো
4663,অডিও
4664,অধ্যক্ষ
4665,অনুমোদিত
4666,অবনতি
4667,আইডি
4668,আনুমানিক
4669,আলা
4670,আশ্চর্য
4671,ইয়েমেনে
4672,ইস্ট
4673,উভয়ের
4674,উৎসর্গ
4675,এটিই
4676,কাঁধে
4677,কারখানার
4678,কোর্টে
4679,ক্যারিয়ার
4680,ক্লাবে
4681,ক্ষত
4682,ক্ষেত্রেও
4683,খামার
4684,খুশী
4685,গণ্য
4686,গায়ক
4687,গুগলের
4688,চর
4689,ছাপ
4690,জঘন্য
4691,জামা
4692,জায়গার
4693,জ্বালিয়ে
4694,টনি
4695,টম
4696,টুর্নামেন্ট
4697,তিনিও
4698,তুরস্ক
4699,তৈরিতে
4700,দিত
4701,নায়িকা
4702,নেতৃত্বাধীন
4703,পর্দা
4704,পর্দায়
4705,পল্লী
4706,পশুর
4707,পাঠায়
4708,পুকুর
4709,পৌঁছেছে
4710,প্রজাতন্ত্র
4711,প্রাথমিকভাবে
4712,প্রাধান্য
4713,ফেলেছেন
4714,ফোর্স
4715,বাড়ানো
4716,বিজেপির
4717,বিন্দু
4718,বিপর্যয়
4719,বিষাক্ত
4720,ব্যতিক্রম
4721,ব্যবসায়িক
4722,ব্যাটারি
4723,ভালবাসে
4724,মার্কেট
4725,মৌলভীবাজার
4726,যতদিন
4727,যাতায়াত
4728,যেখান
4729,যেখানেই
4730,রেখেছিল
4731,লাগাতে
4732,শপিং
4733,শীতল
4734,সংরক্ষণের
4735,সঙ্গীতের
4736,সতর্কতা
4737,সন্দেহভাজন
4738,সবচে
4739,সবারই
4740,সমঝোতা
4741,সমন্বয়ে
4742,সমাধানে
4743,সর্বত্র
4744,সহযোগিতার
4745,সুনাম
4746,সেতুর
4747,সেনাদের
4748,সেনারা
4749,সেন্টারের
4750,সেপ্টেম্বরে
4751,স্ব
4752,হাজারের
4753,হাস্যকর
4754,৮টি
4755,not
4756,one
4757,up
4758,ঃ
4759,অতীতের
4760,অবাধ
4761,অভিনীত
4762,অযোগ্য
4763,অসীম
4764,আইসিটি
4765,আইসিসি
4766,আদৌ
4767,আন
4768,আপলোড
4769,আশেপাশে
4770,আহমেদের
4771,ইউএস
4772,উইকিপিডিয়া
4773,কর্মীর
4774,কার্ল
4775,কেস
4776,ক্রমাগত
4777,খেলোয়াড়দের
4778,গড়া
4779,গণমাধ্যমের
4780,গর্ভবতী
4781,গৃহীত
4782,গ্রুপে
4783,চক্রের
4784,চাইনা
4785,চাপের
4786,চিঠিতে
4787,চেতনা
4788,ছাগল
4789,ট্যাগ
4790,ডাবল
4791,থাই
4792,দক্ষিন
4793,দুনিয়ায়
4794,দেখিয়েছেন
4795,দেহে
4796,ধাপে
4797,নাগাদ
4798,নামাজের
4799,নিচ্ছেন
4800,পহেলা
4801,প্রকৌশল
4802,প্রতিহত
4803,ফাঁকা
4804,বইয়ে
4805,বন্য
4806,বন্যায়
4807,বর্ণ
4808,বাঁচার
4809,ব্রেক
4810,ভক্তদের
4811,ভঙ্গ
4812,ভার
4813,ভোলা
4814,মাদ্রিদ
4815,মুফতি
4816,মৃতের
4817,মোশাররফ
4818,যাবজ্জীবন
4819,রাজীব
4820,রিও
4821,রেলওয়ে
4822,লিঙ্ক
4823,লেখিকা
4824,লেডি
4825,শতাব্দীর
4826,শাস্তির
4827,শীত
4828,সংগ্রামের
4829,সাতটি
4830,সিটিতে
4831,সীমান্তের
4832,সেজন্য
4833,সেলফি
4834,স্টাইল
4835,স্টেশনের
4836,হট
4837,হবেই
4838,হরতাল
4839,হৃদয়ে
4840,হৃদয়ের
4841,your
4842,অঙ্গীকার
4843,অতিবাহিত
4844,অধিকারের
4845,অনন্ত
4846,অবকাঠামো
4847,অভিজ্ঞতার
4848,অভ্যন্তরে
4849,আবদ্ধ
4850,ইউরোপে
4851,ইজ
4852,ইস্যুতে
4853,উইকেটে
4854,উঠেছিল
4855,কথাটি
4856,করছিলাম
4857,কা
4858,কালাম
4859,ক্রেডিট
4860,ক্ষেপণাস্ত্র
4861,খাবে
4862,খ্রিস্টান
4863,গভীরে
4864,ঘটায়
4865,চাঁদের
4866,চাইছেন
4867,চিকেন
4868,চেয়েছিলাম
4869,জার্নাল
4870,টক
4871,টেবিলে
4872,টেস্টের
4873,তামিম
4874,তাল
4875,দামে
4876,দেশগুলোর
4877,দেশি
4878,দোস্ত
4879,নির্ভরশীল
4880,নৌকায়
4881,পেছনের
4882,প্রকাশে
4883,প্রজাতন্ত্রের
4884,ফাঁসি
4885,ফ্রান্সে
4886,বাইক
4887,বাতিলের
4888,বাবুল
4889,বিজ্ঞানের
4890,বিড়াল
4891,ভাইজান
4892,ভিড়
4893,মন্ত্র
4894,মারধর
4895,মার্চে
4896,মিশর
4897,মিশিয়ে
4898,মেঘ
4899,মেলার
4900,যমুনা
4901,যাত্রীবাহী
4902,যুগ্ম
4903,রওনা
4904,রক্তাক্ত
4905,রূপান্তরিত
4906,লঞ্চ
4907,লিস্ট
4908,লেভেল
4909,লোকজনের
4910,শীর্ষক
4911,সংলাপ
4912,সফলতার
4913,সাগরে
4914,সিকিউরিটি
4915,সুস্বাদু
4916,সৈকত
4917,স্বাস্থ্যের
4918,হয়রানি
4919,হাইকোর্টের
4920,হিন্দুদের
4921,অক্সিজেন
4922,অনূর্ধ্ব
4923,অভ্যস্ত
4924,আগষ্ট
4925,আঘাতের
4926,আছ
4927,আটটি
4928,আবেদনের
4929,আলোকিত
4930,আসাম
4931,ইউটিউবে
4932,একদিনের
4933,ওসমান
4934,কম্পিউটারের
4935,কর্মকাণ্ডের
4936,কাপের
4937,ক্রমশ
4938,ক্রিস
4939,খাগড়াছড়ি
4940,খালেদ
4941,গণিত
4942,গাধা
4943,গুলির
4944,গোলের
4945,গ্রেফতারের
4946,ঘণ্টায়
4947,চারিদিকে
4948,চিনতে
4949,চেম্বার
4950,চেয়েছেন
4951,ছাদ
4952,ছাপা
4953,জোন
4954,জ্বলে
4955,টপ
4956,ট্যাক্সি
4957,তালিকার
4958,দক্ষিণে
4959,দলিল
4960,দারিদ্র্য
4961,নানান
4962,নাম্বারে
4963,নিদর্শন
4964,নিয়া
4965,নিরীহ
4966,পড়লো
4967,পরিণতি
4968,পাত্র
4969,পাব
4970,পেপার
4971,প্রণয়ন
4972,প্রতিদিনই
4973,প্রতিদ্বন্দ্বিতা
4974,প্রতিপক্ষ
4975,প্রধানের
4976,প্রবাহ
4977,প্রান্তিক
4978,প্রায়শই
4979,প্রিন্স
4980,প্লে
4981,ফরাসী
4982,ফিলিপ
4983,ফেলুন
4984,বহিষ্কার
4985,বিজয়ীদের
4986,বিধি
4987,বিপদজনক
4988,বিপদের
4989,বিবেচনায়
4990,বিস্ময়কর
4991,ভালভাবে
4992,ভেতরের
4993,মনোভাব
4994,মস্তিষ্কের
4995,মহাপরিচালক
4996,মাতৃভাষা
4997,মানুষই
4998,মারে
4999,মালয়েশিয়ায়
5000,মালিকানাধীন
5001,মিরপুর
5002,মুখোশ
5003,মোতায়েন
5004,মৎস্য
5005,যতটুকু
5006,লক্ষ্মীপুর
5007,লড়াইয়ের
5008,লবণ
5009,লেখকের
5010,ল্যাপটপ
5011,শুনলাম
5012,শেখার
5013,সনদ
5014,সন্ত্রাসীদের
5015,সহযোগিতায়
5016,সাক্ষাৎকারে
5017,সারাজীবন
5018,সাহিত্যিক
5019,সেটাকে
5020,সৈন্যদের
5021,স্তর
5022,হজ
5023,হাবিব
5024,১লা
5025,00.0
5026,u
5027,অনুপস্থিত
5028,অনেকটাই
5029,অর্জিত
5030,আওয়ামীলীগের
5031,আকৃষ্ট
5032,আড়াই
5033,আশ্বাস
5034,আস
5035,ইহা
5036,উৎপাদনের
5037,এদেরকে
5038,করপোরেশন
5039,করিনা
5040,করেছ
5041,কাপুর
5042,কিশোরী
5043,ক্রমবর্ধমান
5044,খাই
5045,গিয়েছেন
5046,গ্রহ
5047,গ্রহের
5048,গ্রাহকদের
5049,চলেছেন
5050,চালের
5051,জনি
5052,জিম্বাবুয়ে
5053,জেলের
5054,জ্বর
5055,টেলিফোন
5056,টেলিভিশনে
5057,ত্রুটি
5058,দক্ষিণের
5059,দলগুলোর
5060,দিল্লিতে
5061,দূষণ
5062,দ্বন্দ্ব
5063,নথি
5064,নবম
5065,নিখুঁত
5066,নিবেদন
5067,নিলেন
5068,নোটিশ
5069,ন্যূনতম
5070,পদার্থ
5071,পরিত্যক্ত
5072,পার্কের
5073,পৌঁছাতে
5074,প্রয়োজনীয়তা
5075,প্রসঙ্গ
5076,ফাঁসির
5077,ফ্রেঞ্চ
5078,বসু
5079,বাতাসের
5080,বাহিনীকে
5081,বিকালে
5082,বিতর্কে
5083,বিরতি
5084,বিশ্বাসী
5085,বুঝা
5086,বৈষম্য
5087,ব্যতীত
5088,ব্যবহারকারীদের
5089,ভারপ্রাপ্ত
5090,মাঝেই
5091,মাত্রায়
5092,মেরি
5093,মোটরসাইকেল
5094,রাজত্ব
5095,রোমান
5096,রোমান্টিক
5097,রোহিঙ্গাদের
5098,ল
5099,লেফটেন্যান্ট
5100,লোকাল
5101,শতকরা
5102,শয়তানের
5103,শাহবাগ
5104,শুল্ক
5105,সংক্ষেপে
5106,সত্যিকার
5107,সদস্যকে
5108,সমালোচনার
5109,সাফ
5110,সামগ্রিক
5111,সৃজনশীল
5112,সেক্ষেত্রে
5113,সৌভাগ্য
5114,স্তরের
5115,স্মারক
5116,হত্যাকাণ্ড
5117,হয়রানির
5118,হলের
5119,হারাতে
5120,হাসতে
5121,home
5122,link
5123,r
5124,অপারেটিং
5125,অ্যাসোসিয়েশন
5126,আইটি
5127,আখ্যায়িত
5128,আব্দুর
5129,আলোকে
5130,আশাবাদী
5131,ইঞ্জিনিয়ার
5132,ইরাকে
5133,ইরাকের
5134,এতটাই
5135,এমনিতেই
5136,কইরা
5137,কক্ষ
5138,কতোটা
5139,কয়টা
5140,কাগজের
5141,কোলে
5142,খালিদ
5143,গ
5144,গল্পে
5145,গান্ধী
5146,ঘোড়া
5147,চেয়ার
5148,ছাত্রদলের
5149,জাতের
5150,ডাকাত
5151,ঢেউ
5152,তরুণদের
5153,দম্পতি
5154,দামী
5155,দুপুরের
5156,দেখেই
5157,দেয়ালে
5158,দেশটি
5159,নব
5160,নাচের
5161,নাস্তিক
5162,নিচু
5163,নেব
5164,নৌকার
5165,পরার
5166,পাগলা
5167,পেটের
5168,পোষণ
5169,প্যারিসে
5170,প্রেক্ষাপটে
5171,প্লাস্টিক
5172,ফুটবলার
5173,ফেলি
5174,ফ্রন্ট
5175,বলেছিলাম
5176,বাক্য
5177,বায়ু
5178,বিচ্ছেদ
5179,বিয়েতে
5180,বিস্ফোরণে
5181,বৈদ্যুতিক
5182,ভাস্কর্য
5183,ভিটামিন
5184,মাতা
5185,মেট্রোপলিটন
5186,মোল্লা
5187,মোহন
5188,যাবত
5189,যাবতীয়
5190,রচিত
5191,লিগের
5192,শিল্পীদের
5193,শুকনো
5194,সংবর্ধনা
5195,সবকিছুর
5196,সমবায়
5197,সহকর্মী
5198,সিঙ্গাপুরের
5199,সিলেটে
5200,সুরক্ষার
5201,সূত্রপাত
5202,স্বয়ং
5203,স্বামীকে
5204,হচ্ছি
5205,হারাম
5206,হিজাব
5207,হুমায়ূন
5208,হোসাইন
5209,la
5210,m
5211,অগ্রসর
5212,অবধি
5213,আক্রমন
5214,আত্মহত্যার
5215,আফ্রিকায়
5216,আর্থ
5217,আল্লাহ্‌
5218,আহসান
5219,ইহুদী
5220,একদিকে
5221,এলেন
5222,এসি
5223,ওয়াসাল্লাম
5224,ওরফে
5225,কাগজপত্র
5226,কাগজে
5227,কোটা
5228,খানিকটা
5229,খুলতে
5230,ঘন্টায়
5231,চক্র
5232,চাষের
5233,ছাত্রের
5234,ছিঁড়ে
5235,ছুঁড়ে
5236,জড়ো
5237,জনগোষ্ঠী
5238,জাতিকে
5239,জিতেছে
5240,টেলিযোগাযোগ
5241,ডক্টর
5242,ততই
5243,তুলেছেন
5244,থ্রি
5245,দশটি
5246,দাওয়াত
5247,দুইবার
5248,দেখব
5249,দেখবো
5250,দেখিয়েছে
5251,ধরন
5252,ধারণার
5253,নয়া
5254,নামটি
5255,নাসির
5256,নির্দোষ
5257,নেবার
5258,পরিনত
5259,পাড়ে
5260,পার্টিতে
5261,পুরোটাই
5262,পোষাক
5263,প্রতিদ্বন্দ্বী
5264,প্রতিবন্ধী
5265,প্রবাহিত
5266,প্রাণীর
5267,ফেডারেল
5268,বক্তব্যের
5269,বন্যার
5270,বসতি
5271,বাগানের
5272,বাঙালির
5273,বানান
5274,বিক্রেতা
5275,বিধায়ক
5276,বিরোধীদের
5277,বেড়াতে
5278,ভিক্ষা
5279,মজুরি
5280,মন্দিরের
5281,মাতাল
5282,মাত্রই
5283,মার্টিন
5284,মালিকের
5285,মেধা
5286,ম্যানেজমেন্ট
5287,যুবলীগ
5288,লাইনের
5289,লেখায়
5290,শাহজালাল
5291,শিখে
5292,শ্বাস
5293,শ্রমিকের
5294,সংঘাত
5295,সন্ত্রাসের
5296,সভার
5297,সমতা
5298,সমুদ্রে
5299,সম্পাদকের
5300,সম্মতি
5301,সর্বপ্রথম
5302,সাক্ষাত
5303,সাতক্ষীরা
5304,সুন্দরবন
5305,স্টেডিয়াম
5306,স্থাপিত
5307,হয়তোবা
5308,হায়দার
5309,হেফাজতে
5310,হেসে
5311,হো
5312,অচেনা
5313,আচরণের
5314,আবদুর
5315,আমারও
5316,আশীর্বাদ
5317,ইংরেজী
5318,ইন্ডিজ
5319,ইলিশ
5320,এসবের
5321,এসিড
5322,ওবামার
5323,কতজন
5324,কমেছে
5325,করানোর
5326,কারখানায়
5327,কারিগরি
5328,কাহিনি
5329,ক্যাম্পে
5330,খন্দকার
5331,খ্যাত
5332,গঠনে
5333,গৌরব
5334,চমকে
5335,চেয়েছি
5336,ছুরি
5337,জিম্মি
5338,ঝড়ের
5339,ঠেকাতে
5340,ডাল
5341,ডিসি
5342,তাড়া
5343,তুষার
5344,থাইল্যান্ডের
5345,দিই
5346,দৌড়
5347,ধারে
5348,ধৈর্য
5349,ন
5350,নবীন
5351,নভেম্বরে
5352,নেতৃত্বের
5353,নেশা
5354,ন্যায্য
5355,পাহাড়ি
5356,পুরা
5357,প্রতিজ্ঞা
5358,প্রশিক্ষণের
5359,বনের
5360,বালি
5361,বিচিত্র
5362,বিবৃতিতে
5363,বিভ্রান্ত
5364,বিরক্তিকর
5365,বিরাজ
5366,বিশুদ্ধ
5367,বেশিরভাগই
5368,বোঝায়
5369,ভাঙা
5370,ভার্চুয়াল
5371,ভিয়েতনাম
5372,মুখোপাধ্যায়
5373,মুখ্য
5374,মুহম্মদ
5375,মূল্যে
5376,মৌখিক
5377,যেয়ে
5378,রশিদ
5379,রায়ে
5380,রিচার্ড
5381,রোবট
5382,রোল
5383,লিখেছিলেন
5384,লিখেছে
5385,লোহার
5386,শহীদদের
5387,শুনেছেন
5388,সন্ধানে
5389,সম্পত্তির
5390,সাধারণভাবে
5391,সোচ্চার
5392,সোসাইটি
5393,হইয়া
5394,৯টি
5395,_
5396,have
5397,অক্টোবরে
5398,আইফোন
5399,ইচ্ছুক
5400,ইসমাইল
5401,ইসলামে
5402,ইসি
5403,উত্থান
5404,উন্নীত
5405,উপস্থিতিতে
5406,একাকী
5407,এড়াতে
5408,এদেশে
5409,ওয়াই
5410,কন্ঠ
5411,কপালে
5412,কবলে
5413,কার্বন
5414,কোয়ার্টার
5415,ক্যান
5416,ক্ষতিগ্রস্থ
5417,গেছো
5418,গ্রন্থ
5419,ঘাট
5420,চাইছি
5421,জিম্বাবুয়ের
5422,জীব
5423,ঠাকুরের
5424,তত্ত্ব
5425,তিনবার
5426,তোরে
5427,থামিয়ে
5428,দশমিক
5429,দিনটা
5430,দিলেই
5431,দুবাই
5432,নয়তো
5433,নিবন্ধ
5434,নির্মান
5435,নেতাকে
5436,পড়াশুনা
5437,পরেছে
5438,পর্বত
5439,পর্যায়
5440,পিঠে
5441,পৌঁছানোর
5442,প্রথমেই
5443,প্রযুক্তিগত
5444,ফলের
5445,ফাঁদে
5446,বার্সেলোনা
5447,বাসস্থান
5448,বিমানে
5449,বিয়ার
5450,বুদ্ধিমান
5451,বেস্ট
5452,ভারসাম্য
5453,ভূমিকম্পে
5454,মাইক
5455,মাধ্যমেই
5456,মেয়েটা
5457,মোদী
5458,মোবাইলে
5459,যানজট
5460,যৌথভাবে
5461,রিপোর্টে
5462,রুপ
5463,রুপি
5464,রেসিপি
5465,লেখাটি
5466,শট
5467,শিল্পীর
5468,সাথেও
5469,সাপোর্ট
5470,সাহা
5471,সুখের
5472,h
5473,o
5474,video
5475,will
5476,অক্ষর
5477,অজয়
5478,অনুচ্ছেদ
5479,অবৈধভাবে
5480,অভিজাত
5481,অভিনয়ের
5482,অর্জনে
5483,আংশিক
5484,আক্রমণে
5485,আমরাই
5486,আসো
5487,উচ্চতা
5488,উঠিয়ে
5489,উদ্বুদ্ধ
5490,এসএসসি
5491,কমই
5492,কমলা
5493,কাজটা
5494,কিংবদন্তি
5495,কৃষকরা
5496,ক্যামেরার
5497,ক্রমে
5498,খাচ্ছে
5499,খেলাধুলা
5500,গড়তে
5501,গ্র্যান্ড
5502,গ্লাস
5503,ঘড়ি
5504,চমক
5505,চায়ের
5506,চিংড়ি
5507,চুক্তিতে
5508,ছিলে
5509,জাগিয়ে
5510,জাত
5511,জাদুঘর
5512,জানাবেন
5513,জামালপুর
5514,টাইগার
5515,টেক
5516,থাইল্যান্ড
5517,দ
5518,দাঁড়াবে
5519,দাড়িয়ে
5520,দিনব্যাপী
5521,দুধের
5522,দেখাও
5523,দেশটিতে
5524,নাসিম
5525,নিঃশ্বাস
5526,নিষ্পাপ
5527,নেটওয়ার্কের
5528,পরপর
5529,পুরাই
5530,পুলিশে
5531,পোশাকের
5532,পৌছে
5533,প্রতিপক্ষের
5534,প্রভু
5535,প্রাণের
5536,প্রান্ত
5537,প্রেমিকা
5538,ফলো
5539,ফেলছে
5540,ফেলেন
5541,বন্দরের
5542,বয়
5543,বর
5544,বর্ডার
5545,বিদ্যুতের
5546,বিপন্ন
5547,বিলের
5548,ব্যাঙ্ক
5549,ভারতকে
5550,মধ্যেও
5551,মানিক
5552,মাহবুব
5553,মিলিটারি
5554,যুক্তরাজ্যে
5555,যুবকের
5556,যেতাম
5557,রঙিন
5558,রহমানকে
5559,রহিম
5560,রিজভী
5561,রেজা
5562,লাগলে
5563,লুট
5564,ল্যাব
5565,শাহরুখ
5566,শিল্পে
5567,সংঘ
5568,সংস্কৃতিতে
5569,সবজি
5570,সমন্বিত
5571,সমবেদনা
5572,সর্বনিম্ন
5573,সাংবিধানিক
5574,সাজিয়ে
5575,সাহেবের
5576,সুশীল
5577,সূত্রে
5578,সেগুলোর
5579,সৈন্যরা
5580,সোর্স
5581,স্পিকার
5582,স্পেস
5583,স্বাস্থ্যসেবা
5584,হাজী
5585,হিসেবেই
5586,হেলিকপ্টার
5587,হোটেলের
5588,8
5589,times
5590,v
5591,অপরাজিত
5592,অর্ধ
5593,অ্যাপল
5594,আচার
5595,আদর
5596,আফসোস
5597,আবর্জনা
5598,আমল
5599,আসরে
5600,আহমাদ
5601,ইয়র্কের
5602,ইয়েমেন
5603,উঠা
5604,উদাহরণস্বরূপ
5605,উপকারী
5606,উল্লেখিত
5607,এইমাত্র
5608,কাটতে
5609,কোনটি
5610,গোল্ডেন
5611,গ্রিক
5612,চারদিকে
5613,ছুটিতে
5614,ছেলেটি
5615,জিম
5616,টিকা
5617,তথাকথিত
5618,দরজায়
5619,দুটোই
5620,দ্রব্য
5621,নওগাঁ
5622,নববর্ষ
5623,নিই
5624,নিজেদেরকে
5625,নিবেন
5626,পঞ্চায়েত
5627,পার্শ্ববর্তী
5628,পুনরাবৃত্তি
5629,পেতাম
5630,প্যানেল
5631,প্যান্ট
5632,প্রমুখ
5633,ফেইসবুক
5634,বব
5635,বিতর্কের
5636,বিদ্রোহের
5637,বিশ্রাম
5638,বুড়ো
5639,বে
5640,বোধহয়
5641,ভাজা
5642,ভাষণে
5643,মনকে
5644,মাইক্রোসফট
5645,মাজার
5646,মেঘনা
5647,মেয়েটির
5648,রিং
5649,রিজার্ভ
5650,রীতি
5651,রেখা
5652,র‌্যাবের
5653,লাতিন
5654,লেখাপড়া
5655,শব্দে
5656,শামসুল
5657,শিক্ষায়
5658,সত্যতা
5659,সিএনজি
5660,সিরাজগঞ্জ
5661,সুস্পষ্ট
5662,সেন্টারে
5663,সোহেল
5664,স্থল
5665,স্বর্গ
5666,স্বীকৃত
5667,হয়েও
5668,হানিফ
5669,হাফিজ
5670,হ্যাপি
5671,c
5672,has
5673,hello
5674,islam
5675,অতএব
5676,অধিবেশন
5677,অনুসারী
5678,অপরদিকে
5679,অপারেটর
5680,অপূর্ব
5681,অবতরণ
5682,অস্পষ্ট
5683,আবশ্যক
5684,আল্লামা
5685,আশরাফুল
5686,ইউরোপিয়ান
5687,ইয়র্কে
5688,ইসরাইল
5689,ইসরাইলের
5690,ইসরায়েলি
5691,একত্র
5692,এডওয়ার্ড
5693,এরপরে
5694,এরিক
5695,করাও
5696,করেছো
5697,কর্তৃত্ব
5698,কার্য
5699,গরিব
5700,চত্বরে
5701,চিনে
5702,ছবিটা
5703,ছবিটির
5704,জনসাধারণের
5705,ডোমেইন
5706,ঢোকার
5707,তুলবে
5708,দফায়
5709,নব্য
5710,নাহলে
5711,নিউজিল্যান্ডের
5712,পরিকল্পিত
5713,পিএইচডি
5714,পিটিয়ে
5715,পেজে
5716,প্রকল্পটি
5717,প্রতিফলন
5718,প্রত্যেকের
5719,প্রদর্শনের
5720,ফাউন্ডেশনের
5721,ফেলেছি
5722,বন্ড
5723,বলেছেনঃ
5724,বসানো
5725,বারে
5726,বাসিন্দাদের
5727,বিকৃত
5728,বিমানবন্দরের
5729,বিরোধ
5730,বিস্ফোরক
5731,বৃটিশ
5732,বোর্ডে
5733,ব্যর্থতা
5734,ব্যর্থতার
5735,ব্রিটেনের
5736,ভূমিতে
5737,ভ্রমণে
5738,মক্কা
5739,মজাদার
5740,মধুর
5741,মরার
5742,মানিয়ে
5743,মিস্টার
5744,মুসা
5745,মোকাবেলায়
5746,যাদেরকে
5747,যৌক্তিক
5748,রব
5749,রাখলে
5750,রাজী
5751,রিয়াদ
5752,রেখো
5753,রোডে
5754,রোধে
5755,লাইক
5756,লিখা
5757,লিটল
5758,লিপিবদ্ধ
5759,লেন
5760,শুকিয়ে
5761,শুনলে
5762,সংঘের
5763,সক্ষমতা
5764,সম্প্রসারণ
5765,সরি
5766,সানি
5767,সুরে
5768,সেক্টর
5769,স্কোর
5770,স্ট্যাটাস
5771,স্বীকারোক্তি
5772,স্বেচ্ছায়
5773,হিউম্যান
5774,0000ইং
5775,may
5776,what
5777,অনার্স
5778,অনিয়ম
5779,অনুপ্রেরণা
5780,অভিবাসন
5781,অমান্য
5782,আইডিয়া
5783,আগস্টের
5784,আদি
5785,আধ্যাত্মিক
5786,আমিই
5787,ইয়াং
5788,ঈদে
5789,উৎপাদিত
5790,ওজনের
5791,কমপ্লেক্স
5792,করুণ
5793,কর্তব্য
5794,কষ্টে
5795,কামরুল
5796,কাশেম
5797,কিশোরগঞ্জ
5798,কুরআনের
5799,খুঁজছে
5800,খোঁজার
5801,খ্যাতি
5802,গভীরভাবে
5803,গালি
5804,গোপালগঞ্জ
5805,গ্রিন
5806,ঘটাতে
5807,ঘাস
5808,চশমা
5809,চাবি
5810,ছাত্ররা
5811,টাই
5812,টুপি
5813,ট্যাক্স
5814,ঢেলে
5815,তুমুল
5816,থিয়েটার
5817,দাবির
5818,দুর্গা
5819,দৃষ্টান্ত
5820,দেবীর
5821,ধন
5822,নজরদারি
5823,নির্দেশে
5824,পঞ্চাশ
5825,পরিচালকের
5826,পরিপ্রেক্ষিতে
5827,পরিবহনের
5828,পাঠিয়েছেন
5829,পাতলা
5830,পীর
5831,পূজার
5832,পেঁয়াজ
5833,পেরেছেন
5834,প্রকাশ্য
5835,প্রচেষ্টায়
5836,প্রতিবাদের
5837,প্রত্যন্ত
5838,প্রাদেশিক
5839,প্রাপ্য
5840,প্রাসাদ
5841,প্রেসক্লাবের
5842,প্রেসিডেন্টের
5843,ফাঁদ
5844,ফিচার
5845,বলেনি
5846,বসবাসকারী
5847,বসার
5848,বাহ
5849,বিডি
5850,বিদেশের
5851,বিদ্যা
5852,বিশ্বকে
5853,বিস্মিত
5854,বৃক্ষ
5855,বৈশাখ
5856,ব্যাক্তিগত
5857,ভয়েস
5858,ভর্তির
5859,ভাগের
5860,ভাঙ্গার
5861,ভূত
5862,ভ্রমন
5863,ভ্রাম্যমাণ
5864,মধ্যবর্তী
5865,মরা
5866,মাঝারি
5867,মাশরাফি
5868,যাত্রার
5869,যাবেনা
5870,যেতো
5871,রফিক
5872,রাখবো
5873,র‌্যাব
5874,লেখকদের
5875,শিগগিরই
5876,সঞ্জয়
5877,সত্যের
5878,সপ্তম
5879,সময়েই
5880,সাপেক্ষে
5881,সার্বজনীন
5882,সেন্সর
5883,৫ম
5884,9
5885,al
5886,am
5887,অনুরূপ
5888,অবরুদ্ধ
5889,অসাধারন
5890,আইনগত
5891,আগামীতে
5892,আমিতো
5893,আমিরাতের
5894,আরম্ভ
5895,আর্থার
5896,আহা
5897,ইসরায়েল
5898,উত্তপ্ত
5899,উদ্ধারের
5900,উন্নয়নশীল
5901,উপন্যাসের
5902,উপাচার্য
5903,কপাল
5904,কম্পিউটারে
5905,কর্মীকে
5906,কাঁটা
5907,কাজল
5908,কুমিল্লার
5909,কৃতজ্ঞ
5910,কোনভাবেই
5911,খাঁটি
5912,খাতের
5913,গাইতে
5914,গুলিবিদ্ধ
5915,গেয়ে
5916,গ্রেনেড
5917,চিন্তায়
5918,জীবনটা
5919,জীবিকা
5920,টেকনোলজি
5921,ট্রাস্ট
5922,ডিভাইস
5923,ত
5924,তথ্যপ্রযুক্তি
5925,দফতর
5926,দম্পতির
5927,দর
5928,দুঃখজনক
5929,দূত
5930,দেয়ালের
5931,নিজেরা
5932,নীচের
5933,নেপালে
5934,পাঁচজন
5935,পেলেও
5936,প্রতিনিয়ত
5937,প্লাস
5938,ফুলে
5939,ফ্যান
5940,ফ্রাঙ্ক
5941,বর্ষ
5942,বলতেন
5943,বাঁচানোর
5944,বাঁচিয়ে
5945,বান্দরবান
5946,বেদনা
5947,বোঝানো
5948,ব্রায়ান
5949,ভাসমান
5950,মঞ্জুর
5951,মম
5952,মহাকাশ
5953,মহারাজ
5954,মহাসড়ক
5955,মাঝ
5956,মারি
5957,মেরামত
5958,যৌনসঙ্গম
5959,রইলো
5960,রহ
5961,রাজু
5962,রাবার
5963,রুট
5964,রেখেছি
5965,লাশের
5966,লোভ
5967,শহরটি
5968,শিক্ষামন্ত্রী
5969,সংযোজন
5970,সংস্থাটি
5971,সভ্যতার
5972,সমর্থ
5973,সর্বশ্রেষ্ঠ
5974,সিট
5975,সেভাবে
5976,সো
5977,স্টক
5978,স্মিথ
5979,৭ই
5980,about
5981,অক্ষম
5982,অত্যাচারের
5983,অপচয়
5984,অপরিচিত
5985,আক্ষরিক
5986,আগাম
5987,আত্মপ্রকাশ
5988,আম্মু
5989,আসছিল
5990,ইতোমধ্যেই
5991,ইন্টারনেটের
5992,ইসরায়েলের
5993,উদ্যোগের
5994,এইরকম
5995,কনসার্ট
5996,কর্মকর্তাকে
5997,কানাডায়
5998,কারাদন্ড
5999,কুড়িগ্রাম
6000,গাজা
